 5430 5430 5430 5430 5135 5135 5135 5135 5053 5053 5053 5053 5035 5035 5035 5035 5350 5350 5350 5350 5010 5010 5010 5010 5307 5307 5307 5307 5060 5060 5060 5060 5233 5233 5233 5233 5107 5107 5107 5107 5165 5165 5165 5165 5229 5229 5229 5229 5043 5043 5043 5043 5186 5186 5186 5186 5049 5049 5049 5049 5435 5435 5435 5435 5430 5430 5430 5430 5135 5135 5135 5135 5053 5053 5053 5053 5035 5035 5035 5035 5350 5350 5350 5350 5010 5010 5010 5010 5307 5307 5307 5307 5060 5060 5060 5060 5233 5233 5233 5233 5107 5107 5107 5107 5165 5165 5165 5165 5229 5229 5229 5229 5043 5043 5043 5043 5186 5186 5186 5186 5049 5049 5049 5049 5435 5435 5435 5435
 5430 5430 5430 5430 5135 5135 5135 5135 5053 5053 5053 5053 5035 5035 5035 5035 5350 5350 5350 5350 5010 5010 5010 5010 5307 5307 5307 5307 5060 5060 5060 5060 5233 5233 5233 5233 5107 5107 5107 5107 5165 5165 5165 5165 5229 5229 5229 5229 5043 5043 5043 5043 5186 5186 5186 5186 5049 5049 5049 5049 5435 5435 5435 5435 5430 5430 5430 5430 5135 5135 5135 5135 5053 5053 5053 5053 5035 5035 5035 5035 5350 5350 5350 5350 5010 5010 5010 5010 5307 5307 5307 5307 5060 5060 5060 5060 5233 5233 5233 5233 5107 5107 5107 5107 5165 5165 5165 5165 5229 5229 5229 5229 5043 5043 5043 5043 5186 5186 5186 5186 5049 5049 5049 5049 5435 5435 5435 5435

 5331 5331 5331 5331 5065 5065 5065 5065 5330 5330 5330 5330 5154 5154 5154 5154 5384 5384 5384 5384 5171 5171 5171 5171 5245 5245 5245 5245 5206 5206 5206 5206 5402 5402 5402 5402 5192 5192 5192 5192 5095 5095 5095 5095 5477 5477 5477 5477 5138 5138 5138 5138 5080 5080 5080 5080 5229 5229 5229 5229 5156 5156 5156 5156 5331 5331 5331 5331 5065 5065 5065 5065 5330 5330 5330 5330 5154 5154 5154 5154 5384 5384 5384 5384 5171 5171 5171 5171 5245 5245 5245 5245 5206 5206 5206 5206 5402 5402 5402 5402 5192 5192 5192 5192 5095 5095 5095 5095 5477 5477 5477 5477 5138 5138 5138 5138 5080 5080 5080 5080 5229 5229 5229 5229 5156 5156 5156 5156
 5331 5331 5331 5331 5065 5065 5065 5065 5330 5330 5330 5330 5154 5154 5154 5154 5384 5384 5384 5384 5171 5171 5171 5171 5245 5245 5245 5245 5206 5206 5206 5206 5402 5402 5402 5402 5192 5192 5192 5192 5095 5095 5095 5095 5477 5477 5477 5477 5138 5138 5138 5138 5080 5080 5080 5080 5229 5229 5229 5229 5156 5156 5156 5156 5331 5331 5331 5331 5065 5065 5065 5065 5330 5330 5330 5330 5154 5154 5154 5154 5384 5384 5384 5384 5171 5171 5171 5171 5245 5245 5245 5245 5206 5206 5206 5206 5402 5402 5402 5402 5192 5192 5192 5192 5095 5095 5095 5095 5477 5477 5477 5477 5138 5138 5138 5138 5080 5080 5080 5080 5229 5229 5229 5229 5156 5156 5156 5156

 5010 5010 5010 5010 5126 5126 5126 5126 5373 5373 5373 5373 5428 5428 5428 5428 5280 5280 5280 5280 5237 5237 5237 5237 5029 5029 5029 5029 5255 5255 5255 5255 5340 5340 5340 5340 5237 5237 5237 5237 5349 5349 5349 5349 5487 5487 5487 5487 5391 5391 5391 5391 5094 5094 5094 5094 5478 5478 5478 5478 5343 5343 5343 5343 5010 5010 5010 5010 5126 5126 5126 5126 5373 5373 5373 5373 5428 5428 5428 5428 5280 5280 5280 5280 5237 5237 5237 5237 5029 5029 5029 5029 5255 5255 5255 5255 5340 5340 5340 5340 5237 5237 5237 5237 5349 5349 5349 5349 5487 5487 5487 5487 5391 5391 5391 5391 5094 5094 5094 5094 5478 5478 5478 5478 5343 5343 5343 5343
 5010 5010 5010 5010 5126 5126 5126 5126 5373 5373 5373 5373 5428 5428 5428 5428 5280 5280 5280 5280 5237 5237 5237 5237 5029 5029 5029 5029 5255 5255 5255 5255 5340 5340 5340 5340 5237 5237 5237 5237 5349 5349 5349 5349 5487 5487 5487 5487 5391 5391 5391 5391 5094 5094 5094 5094 5478 5478 5478 5478 5343 5343 5343 5343 5010 5010 5010 5010 5126 5126 5126 5126 5373 5373 5373 5373 5428 5428 5428 5428 5280 5280 5280 5280 5237 5237 5237 5237 5029 5029 5029 5029 5255 5255 5255 5255 5340 5340 5340 5340 5237 5237 5237 5237 5349 5349 5349 5349 5487 5487 5487 5487 5391 5391 5391 5391 5094 5094 5094 5094 5478 5478 5478 5478 5343 5343 5343 5343

 5478 5478 5478 5478 5281 5281 5281 5281 5437 5437 5437 5437 5283 5283 5283 5283 5121 5121 5121 5121 5415 5415 5415 5415 5252 5252 5252 5252 5065 5065 5065 5065 5242 5242 5242 5242 5409 5409 5409 5409 5323 5323 5323 5323 5010 5010 5010 5010 5420 5420 5420 5420 5083 5083 5083 5083 5136 5136 5136 5136 5193 5193 5193 5193 5478 5478 5478 5478 5281 5281 5281 5281 5437 5437 5437 5437 5283 5283 5283 5283 5121 5121 5121 5121 5415 5415 5415 5415 5252 5252 5252 5252 5065 5065 5065 5065 5242 5242 5242 5242 5409 5409 5409 5409 5323 5323 5323 5323 5010 5010 5010 5010 5420 5420 5420 5420 5083 5083 5083 5083 5136 5136 5136 5136 5193 5193 5193 5193
 5478 5478 5478 5478 5281 5281 5281 5281 5437 5437 5437 5437 5283 5283 5283 5283 5121 5121 5121 5121 5415 5415 5415 5415 5252 5252 5252 5252 5065 5065 5065 5065 5242 5242 5242 5242 5409 5409 5409 5409 5323 5323 5323 5323 5010 5010 5010 5010 5420 5420 5420 5420 5083 5083 5083 5083 5136 5136 5136 5136 5193 5193 5193 5193 5478 5478 5478 5478 5281 5281 5281 5281 5437 5437 5437 5437 5283 5283 5283 5283 5121 5121 5121 5121 5415 5415 5415 5415 5252 5252 5252 5252 5065 5065 5065 5065 5242 5242 5242 5242 5409 5409 5409 5409 5323 5323 5323 5323 5010 5010 5010 5010 5420 5420 5420 5420 5083 5083 5083 5083 5136 5136 5136 5136 5193 5193 5193 5193

 5300 5300 5300 5300 5157 5157 5157 5157 5006 5006 5006 5006 5120 5120 5120 5120 5388 5388 5388 5388 5172 5172 5172 5172 5282 5282 5282 5282 5448 5448 5448 5448 5169 5169 5169 5169 5045 5045 5045 5045 5183 5183 5183 5183 5477 5477 5477 5477 5227 5227 5227 5227 5213 5213 5213 5213 5254 5254 5254 5254 5387 5387 5387 5387 5300 5300 5300 5300 5157 5157 5157 5157 5006 5006 5006 5006 5120 5120 5120 5120 5388 5388 5388 5388 5172 5172 5172 5172 5282 5282 5282 5282 5448 5448 5448 5448 5169 5169 5169 5169 5045 5045 5045 5045 5183 5183 5183 5183 5477 5477 5477 5477 5227 5227 5227 5227 5213 5213 5213 5213 5254 5254 5254 5254 5387 5387 5387 5387
 5300 5300 5300 5300 5157 5157 5157 5157 5006 5006 5006 5006 5120 5120 5120 5120 5388 5388 5388 5388 5172 5172 5172 5172 5282 5282 5282 5282 5448 5448 5448 5448 5169 5169 5169 5169 5045 5045 5045 5045 5183 5183 5183 5183 5477 5477 5477 5477 5227 5227 5227 5227 5213 5213 5213 5213 5254 5254 5254 5254 5387 5387 5387 5387 5300 5300 5300 5300 5157 5157 5157 5157 5006 5006 5006 5006 5120 5120 5120 5120 5388 5388 5388 5388 5172 5172 5172 5172 5282 5282 5282 5282 5448 5448 5448 5448 5169 5169 5169 5169 5045 5045 5045 5045 5183 5183 5183 5183 5477 5477 5477 5477 5227 5227 5227 5227 5213 5213 5213 5213 5254 5254 5254 5254 5387 5387 5387 5387

 5471 5471 5471 5471 5017 5017 5017 5017 5102 5102 5102 5102 5040 5040 5040 5040 5465 5465 5465 5465 5280 5280 5280 5280 5435 5435 5435 5435 5193 5193 5193 5193 5000 5000 5000 5000 5194 5194 5194 5194 5282 5282 5282 5282 5052 5052 5052 5052 5385 5385 5385 5385 5410 5410 5410 5410 5238 5238 5238 5238 5351 5351 5351 5351 5471 5471 5471 5471 5017 5017 5017 5017 5102 5102 5102 5102 5040 5040 5040 5040 5465 5465 5465 5465 5280 5280 5280 5280 5435 5435 5435 5435 5193 5193 5193 5193 5000 5000 5000 5000 5194 5194 5194 5194 5282 5282 5282 5282 5052 5052 5052 5052 5385 5385 5385 5385 5410 5410 5410 5410 5238 5238 5238 5238 5351 5351 5351 5351
 5471 5471 5471 5471 5017 5017 5017 5017 5102 5102 5102 5102 5040 5040 5040 5040 5465 5465 5465 5465 5280 5280 5280 5280 5435 5435 5435 5435 5193 5193 5193 5193 5000 5000 5000 5000 5194 5194 5194 5194 5282 5282 5282 5282 5052 5052 5052 5052 5385 5385 5385 5385 5410 5410 5410 5410 5238 5238 5238 5238 5351 5351 5351 5351 5471 5471 5471 5471 5017 5017 5017 5017 5102 5102 5102 5102 5040 5040 5040 5040 5465 5465 5465 5465 5280 5280 5280 5280 5435 5435 5435 5435 5193 5193 5193 5193 5000 5000 5000 5000 5194 5194 5194 5194 5282 5282 5282 5282 5052 5052 5052 5052 5385 5385 5385 5385 5410 5410 5410 5410 5238 5238 5238 5238 5351 5351 5351 5351

 5200 5200 5200 5200 5364 5364 5364 5364 5277 5277 5277 5277 5080 5080 5080 5080 5100 5100 5100 5100 5478 5478 5478 5478 5497 5497 5497 5497 5134 5134 5134 5134 5431 5431 5431 5431 5407 5407 5407 5407 5135 5135 5135 5135 5227 5227 5227 5227 5230 5230 5230 5230 5363 5363 5363 5363 5125 5125 5125 5125 5350 5350 5350 5350 5200 5200 5200 5200 5364 5364 5364 5364 5277 5277 5277 5277 5080 5080 5080 5080 5100 5100 5100 5100 5478 5478 5478 5478 5497 5497 5497 5497 5134 5134 5134 5134 5431 5431 5431 5431 5407 5407 5407 5407 5135 5135 5135 5135 5227 5227 5227 5227 5230 5230 5230 5230 5363 5363 5363 5363 5125 5125 5125 5125 5350 5350 5350 5350
 5200 5200 5200 5200 5364 5364 5364 5364 5277 5277 5277 5277 5080 5080 5080 5080 5100 5100 5100 5100 5478 5478 5478 5478 5497 5497 5497 5497 5134 5134 5134 5134 5431 5431 5431 5431 5407 5407 5407 5407 5135 5135 5135 5135 5227 5227 5227 5227 5230 5230 5230 5230 5363 5363 5363 5363 5125 5125 5125 5125 5350 5350 5350 5350 5200 5200 5200 5200 5364 5364 5364 5364 5277 5277 5277 5277 5080 5080 5080 5080 5100 5100 5100 5100 5478 5478 5478 5478 5497 5497 5497 5497 5134 5134 5134 5134 5431 5431 5431 5431 5407 5407 5407 5407 5135 5135 5135 5135 5227 5227 5227 5227 5230 5230 5230 5230 5363 5363 5363 5363 5125 5125 5125 5125 5350 5350 5350 5350

 5147 5147 5147 5147 5362 5362 5362 5362 5359 5359 5359 5359 5374 5374 5374 5374 5168 5168 5168 5168 5439 5439 5439 5439 5026 5026 5026 5026 5395 5395 5395 5395 5460 5460 5460 5460 5108 5108 5108 5108 5381 5381 5381 5381 5093 5093 5093 5093 5189 5189 5189 5189 5246 5246 5246 5246 5020 5020 5020 5020 5078 5078 5078 5078 5147 5147 5147 5147 5362 5362 5362 5362 5359 5359 5359 5359 5374 5374 5374 5374 5168 5168 5168 5168 5439 5439 5439 5439 5026 5026 5026 5026 5395 5395 5395 5395 5460 5460 5460 5460 5108 5108 5108 5108 5381 5381 5381 5381 5093 5093 5093 5093 5189 5189 5189 5189 5246 5246 5246 5246 5020 5020 5020 5020 5078 5078 5078 5078
 5147 5147 5147 5147 5362 5362 5362 5362 5359 5359 5359 5359 5374 5374 5374 5374 5168 5168 5168 5168 5439 5439 5439 5439 5026 5026 5026 5026 5395 5395 5395 5395 5460 5460 5460 5460 5108 5108 5108 5108 5381 5381 5381 5381 5093 5093 5093 5093 5189 5189 5189 5189 5246 5246 5246 5246 5020 5020 5020 5020 5078 5078 5078 5078 5147 5147 5147 5147 5362 5362 5362 5362 5359 5359 5359 5359 5374 5374 5374 5374 5168 5168 5168 5168 5439 5439 5439 5439 5026 5026 5026 5026 5395 5395 5395 5395 5460 5460 5460 5460 5108 5108 5108 5108 5381 5381 5381 5381 5093 5093 5093 5093 5189 5189 5189 5189 5246 5246 5246 5246 5020 5020 5020 5020 5078 5078 5078 5078

 5007 5007 5007 5007 5406 5406 5406 5406 5032 5032 5032 5032 5428 5428 5428 5428 5419 5419 5419 5419 5260 5260 5260 5260 5171 5171 5171 5171 5064 5064 5064 5064 5323 5323 5323 5323 5235 5235 5235 5235 5031 5031 5031 5031 5069 5069 5069 5069 5249 5249 5249 5249 5296 5296 5296 5296 5195 5195 5195 5195 5337 5337 5337 5337 5007 5007 5007 5007 5406 5406 5406 5406 5032 5032 5032 5032 5428 5428 5428 5428 5419 5419 5419 5419 5260 5260 5260 5260 5171 5171 5171 5171 5064 5064 5064 5064 5323 5323 5323 5323 5235 5235 5235 5235 5031 5031 5031 5031 5069 5069 5069 5069 5249 5249 5249 5249 5296 5296 5296 5296 5195 5195 5195 5195 5337 5337 5337 5337
 5007 5007 5007 5007 5406 5406 5406 5406 5032 5032 5032 5032 5428 5428 5428 5428 5419 5419 5419 5419 5260 5260 5260 5260 5171 5171 5171 5171 5064 5064 5064 5064 5323 5323 5323 5323 5235 5235 5235 5235 5031 5031 5031 5031 5069 5069 5069 5069 5249 5249 5249 5249 5296 5296 5296 5296 5195 5195 5195 5195 5337 5337 5337 5337 5007 5007 5007 5007 5406 5406 5406 5406 5032 5032 5032 5032 5428 5428 5428 5428 5419 5419 5419 5419 5260 5260 5260 5260 5171 5171 5171 5171 5064 5064 5064 5064 5323 5323 5323 5323 5235 5235 5235 5235 5031 5031 5031 5031 5069 5069 5069 5069 5249 5249 5249 5249 5296 5296 5296 5296 5195 5195 5195 5195 5337 5337 5337 5337

 200000 200000 200000 200000 200000 200000 200000 200000 5209 5209 5209 5209 5144 5144 5144 5144 5189 5189 5189 5189 5386 5386 5386 5386 5171 5171 5171 5171 5244 5244 5244 5244 5115 5115 5115 5115 5020 5020 5020 5020 5013 5013 5013 5013 5067 5067 5067 5067 5100 5100 5100 5100 5419 5419 5419 5419 5389 5389 5389 5389 5464 5464 5464 5464 200000 200000 200000 200000 200000 200000 200000 200000 5209 5209 5209 5209 5144 5144 5144 5144 5189 5189 5189 5189 5386 5386 5386 5386 5171 5171 5171 5171 5244 5244 5244 5244 5115 5115 5115 5115 5020 5020 5020 5020 5013 5013 5013 5013 5067 5067 5067 5067 5100 5100 5100 5100 5419 5419 5419 5419 5389 5389 5389 5389 5464 5464 5464 5464
 0 0 0 0 0 0 0 0 5209 5209 5209 5209 5144 5144 5144 5144 5189 5189 5189 5189 5386 5386 5386 5386 5171 5171 5171 5171 5244 5244 5244 5244 5115 5115 5115 5115 5020 5020 5020 5020 5013 5013 5013 5013 5067 5067 5067 5067 5100 5100 5100 5100 5419 5419 5419 5419 5389 5389 5389 5389 5464 5464 5464 5464 0 0 0 0 0 0 0 0 5209 5209 5209 5209 5144 5144 5144 5144 5189 5189 5189 5189 5386 5386 5386 5386 5171 5171 5171 5171 5244 5244 5244 5244 5115 5115 5115 5115 5020 5020 5020 5020 5013 5013 5013 5013 5067 5067 5067 5067 5100 5100 5100 5100 5419 5419 5419 5419 5389 5389 5389 5389 5464 5464 5464 5464

 200000 200000 200000 200000 200000 200000 200000 200000 5016 5016 5016 5016 5023 5023 5023 5023 5189 5189 5189 5189 5386 5386 5386 5386 5171 5171 5171 5171 5244 5244 5244 5244 5251 5251 5251 5251 5203 5203 5203 5203 5286 5286 5286 5286 5363 5363 5363 5363 5402 5402 5402 5402 5049 5049 5049 5049 5341 5341 5341 5341 5435 5435 5435 5435 200000 200000 200000 200000 200000 200000 200000 200000 5016 5016 5016 5016 5023 5023 5023 5023 5189 5189 5189 5189 5386 5386 5386 5386 5171 5171 5171 5171 5244 5244 5244 5244 5251 5251 5251 5251 5203 5203 5203 5203 5286 5286 5286 5286 5363 5363 5363 5363 5402 5402 5402 5402 5049 5049 5049 5049 5341 5341 5341 5341 5435 5435 5435 5435
 0 0 0 0 0 0 0 0 5016 5016 5016 5016 5023 5023 5023 5023 5189 5189 5189 5189 5386 5386 5386 5386 5171 5171 5171 5171 5244 5244 5244 5244 5251 5251 5251 5251 5203 5203 5203 5203 5286 5286 5286 5286 5363 5363 5363 5363 5402 5402 5402 5402 5049 5049 5049 5049 5341 5341 5341 5341 5435 5435 5435 5435 0 0 0 0 0 0 0 0 5016 5016 5016 5016 5023 5023 5023 5023 5189 5189 5189 5189 5386 5386 5386 5386 5171 5171 5171 5171 5244 5244 5244 5244 5251 5251 5251 5251 5203 5203 5203 5203 5286 5286 5286 5286 5363 5363 5363 5363 5402 5402 5402 5402 5049 5049 5049 5049 5341 5341 5341 5341 5435 5435 5435 5435

 200000 200000 200000 200000 200000 200000 200000 200000 5362 5362 5362 5362 5493 5493 5493 5493 5189 5189 5189 5189 5386 5386 5386 5386 5171 5171 5171 5171 5244 5244 5244 5244 5273 5273 5273 5273 5480 5480 5480 5480 5369 5369 5369 5369 5306 5306 5306 5306 5471 5471 5471 5471 5230 5230 5230 5230 5321 5321 5321 5321 5384 5384 5384 5384 200000 200000 200000 200000 200000 200000 200000 200000 5362 5362 5362 5362 5493 5493 5493 5493 5189 5189 5189 5189 5386 5386 5386 5386 5171 5171 5171 5171 5244 5244 5244 5244 5273 5273 5273 5273 5480 5480 5480 5480 5369 5369 5369 5369 5306 5306 5306 5306 5471 5471 5471 5471 5230 5230 5230 5230 5321 5321 5321 5321 5384 5384 5384 5384
 0 0 0 0 0 0 0 0 5362 5362 5362 5362 5493 5493 5493 5493 5189 5189 5189 5189 5386 5386 5386 5386 5171 5171 5171 5171 5244 5244 5244 5244 5273 5273 5273 5273 5480 5480 5480 5480 5369 5369 5369 5369 5306 5306 5306 5306 5471 5471 5471 5471 5230 5230 5230 5230 5321 5321 5321 5321 5384 5384 5384 5384 0 0 0 0 0 0 0 0 5362 5362 5362 5362 5493 5493 5493 5493 5189 5189 5189 5189 5386 5386 5386 5386 5171 5171 5171 5171 5244 5244 5244 5244 5273 5273 5273 5273 5480 5480 5480 5480 5369 5369 5369 5369 5306 5306 5306 5306 5471 5471 5471 5471 5230 5230 5230 5230 5321 5321 5321 5321 5384 5384 5384 5384

 200000 200000 200000 200000 200000 200000 200000 200000 5002 5002 5002 5002 5108 5108 5108 5108 5189 5189 5189 5189 5386 5386 5386 5386 5171 5171 5171 5171 5244 5244 5244 5244 5251 5251 5251 5251 5383 5383 5383 5383 5198 5198 5198 5198 5435 5435 5435 5435 5397 5397 5397 5397 5196 5196 5196 5196 5103 5103 5103 5103 5007 5007 5007 5007 200000 200000 200000 200000 200000 200000 200000 200000 5002 5002 5002 5002 5108 5108 5108 5108 5189 5189 5189 5189 5386 5386 5386 5386 5171 5171 5171 5171 5244 5244 5244 5244 5251 5251 5251 5251 5383 5383 5383 5383 5198 5198 5198 5198 5435 5435 5435 5435 5397 5397 5397 5397 5196 5196 5196 5196 5103 5103 5103 5103 5007 5007 5007 5007
 0 0 0 0 0 0 0 0 5002 5002 5002 5002 5108 5108 5108 5108 5189 5189 5189 5189 5386 5386 5386 5386 5171 5171 5171 5171 5244 5244 5244 5244 5251 5251 5251 5251 5383 5383 5383 5383 5198 5198 5198 5198 5435 5435 5435 5435 5397 5397 5397 5397 5196 5196 5196 5196 5103 5103 5103 5103 5007 5007 5007 5007 0 0 0 0 0 0 0 0 5002 5002 5002 5002 5108 5108 5108 5108 5189 5189 5189 5189 5386 5386 5386 5386 5171 5171 5171 5171 5244 5244 5244 5244 5251 5251 5251 5251 5383 5383 5383 5383 5198 5198 5198 5198 5435 5435 5435 5435 5397 5397 5397 5397 5196 5196 5196 5196 5103 5103 5103 5103 5007 5007 5007 5007

 200000 200000 200000 200000 200000 200000 200000 200000 5428 5428 5428 5428 5276 5276 5276 5276 5189 5189 5189 5189 5386 5386 5386 5386 5171 5171 5171 5171 5244 5244 5244 5244 5445 5445 5445 5445 5230 5230 5230 5230 5345 5345 5345 5345 5287 5287 5287 5287 5431 5431 5431 5431 5371 5371 5371 5371 5120 5120 5120 5120 5281 5281 5281 5281 200000 200000 200000 200000 200000 200000 200000 200000 5428 5428 5428 5428 5276 5276 5276 5276 5189 5189 5189 5189 5386 5386 5386 5386 5171 5171 5171 5171 5244 5244 5244 5244 5445 5445 5445 5445 5230 5230 5230 5230 5345 5345 5345 5345 5287 5287 5287 5287 5431 5431 5431 5431 5371 5371 5371 5371 5120 5120 5120 5120 5281 5281 5281 5281
 0 0 0 0 0 0 0 0 5428 5428 5428 5428 5276 5276 5276 5276 5189 5189 5189 5189 5386 5386 5386 5386 5171 5171 5171 5171 5244 5244 5244 5244 5445 5445 5445 5445 5230 5230 5230 5230 5345 5345 5345 5345 5287 5287 5287 5287 5431 5431 5431 5431 5371 5371 5371 5371 5120 5120 5120 5120 5281 5281 5281 5281 0 0 0 0 0 0 0 0 5428 5428 5428 5428 5276 5276 5276 5276 5189 5189 5189 5189 5386 5386 5386 5386 5171 5171 5171 5171 5244 5244 5244 5244 5445 5445 5445 5445 5230 5230 5230 5230 5345 5345 5345 5345 5287 5287 5287 5287 5431 5431 5431 5431 5371 5371 5371 5371 5120 5120 5120 5120 5281 5281 5281 5281

 200000 200000 200000 200000 200000 200000 200000 200000 5047 5047 5047 5047 5449 5449 5449 5449 5189 5189 5189 5189 5386 5386 5386 5386 5171 5171 5171 5171 5244 5244 5244 5244 5366 5366 5366 5366 5242 5242 5242 5242 5203 5203 5203 5203 5115 5115 5115 5115 5374 5374 5374 5374 5327 5327 5327 5327 5085 5085 5085 5085 5270 5270 5270 5270 200000 200000 200000 200000 200000 200000 200000 200000 5047 5047 5047 5047 5449 5449 5449 5449 5189 5189 5189 5189 5386 5386 5386 5386 5171 5171 5171 5171 5244 5244 5244 5244 5366 5366 5366 5366 5242 5242 5242 5242 5203 5203 5203 5203 5115 5115 5115 5115 5374 5374 5374 5374 5327 5327 5327 5327 5085 5085 5085 5085 5270 5270 5270 5270
 0 0 0 0 0 0 0 0 5047 5047 5047 5047 5449 5449 5449 5449 5189 5189 5189 5189 5386 5386 5386 5386 5171 5171 5171 5171 5244 5244 5244 5244 5366 5366 5366 5366 5242 5242 5242 5242 5203 5203 5203 5203 5115 5115 5115 5115 5374 5374 5374 5374 5327 5327 5327 5327 5085 5085 5085 5085 5270 5270 5270 5270 0 0 0 0 0 0 0 0 5047 5047 5047 5047 5449 5449 5449 5449 5189 5189 5189 5189 5386 5386 5386 5386 5171 5171 5171 5171 5244 5244 5244 5244 5366 5366 5366 5366 5242 5242 5242 5242 5203 5203 5203 5203 5115 5115 5115 5115 5374 5374 5374 5374 5327 5327 5327 5327 5085 5085 5085 5085 5270 5270 5270 5270

 200000 200000 200000 200000 200000 200000 200000 200000 5017 5017 5017 5017 5262 5262 5262 5262 5189 5189 5189 5189 5386 5386 5386 5386 5079 5079 5079 5079 5419 5419 5419 5419 5349 5349 5349 5349 5121 5121 5121 5121 5042 5042 5042 5042 5397 5397 5397 5397 5288 5288 5288 5288 5340 5340 5340 5340 5278 5278 5278 5278 5286 5286 5286 5286 200000 200000 200000 200000 200000 200000 200000 200000 5017 5017 5017 5017 5262 5262 5262 5262 5189 5189 5189 5189 5386 5386 5386 5386 5079 5079 5079 5079 5419 5419 5419 5419 5349 5349 5349 5349 5121 5121 5121 5121 5042 5042 5042 5042 5397 5397 5397 5397 5288 5288 5288 5288 5340 5340 5340 5340 5278 5278 5278 5278 5286 5286 5286 5286
 0 0 0 0 0 0 0 0 5017 5017 5017 5017 5262 5262 5262 5262 5189 5189 5189 5189 5386 5386 5386 5386 5079 5079 5079 5079 5419 5419 5419 5419 5349 5349 5349 5349 5121 5121 5121 5121 5042 5042 5042 5042 5397 5397 5397 5397 5288 5288 5288 5288 5340 5340 5340 5340 5278 5278 5278 5278 5286 5286 5286 5286 0 0 0 0 0 0 0 0 5017 5017 5017 5017 5262 5262 5262 5262 5189 5189 5189 5189 5386 5386 5386 5386 5079 5079 5079 5079 5419 5419 5419 5419 5349 5349 5349 5349 5121 5121 5121 5121 5042 5042 5042 5042 5397 5397 5397 5397 5288 5288 5288 5288 5340 5340 5340 5340 5278 5278 5278 5278 5286 5286 5286 5286

 200000 200000 200000 200000 200000 200000 200000 200000 5017 5017 5017 5017 5262 5262 5262 5262 5189 5189 5189 5189 5386 5386 5386 5386 5476 5476 5476 5476 5322 5322 5322 5322 5397 5397 5397 5397 5013 5013 5013 5013 5309 5309 5309 5309 5277 5277 5277 5277 5169 5169 5169 5169 5398 5398 5398 5398 5478 5478 5478 5478 5165 5165 5165 5165 200000 200000 200000 200000 200000 200000 200000 200000 5017 5017 5017 5017 5262 5262 5262 5262 5189 5189 5189 5189 5386 5386 5386 5386 5476 5476 5476 5476 5322 5322 5322 5322 5397 5397 5397 5397 5013 5013 5013 5013 5309 5309 5309 5309 5277 5277 5277 5277 5169 5169 5169 5169 5398 5398 5398 5398 5478 5478 5478 5478 5165 5165 5165 5165
 0 0 0 0 0 0 0 0 5017 5017 5017 5017 5262 5262 5262 5262 5189 5189 5189 5189 5386 5386 5386 5386 5476 5476 5476 5476 5322 5322 5322 5322 5397 5397 5397 5397 5013 5013 5013 5013 5309 5309 5309 5309 5277 5277 5277 5277 5169 5169 5169 5169 5398 5398 5398 5398 5478 5478 5478 5478 5165 5165 5165 5165 0 0 0 0 0 0 0 0 5017 5017 5017 5017 5262 5262 5262 5262 5189 5189 5189 5189 5386 5386 5386 5386 5476 5476 5476 5476 5322 5322 5322 5322 5397 5397 5397 5397 5013 5013 5013 5013 5309 5309 5309 5309 5277 5277 5277 5277 5169 5169 5169 5169 5398 5398 5398 5398 5478 5478 5478 5478 5165 5165 5165 5165

 200000 200000 200000 200000 200000 200000 200000 200000 5017 5017 5017 5017 5262 5262 5262 5262 5189 5189 5189 5189 5386 5386 5386 5386 5319 5319 5319 5319 5252 5252 5252 5252 5173 5173 5173 5173 5236 5236 5236 5236 5115 5115 5115 5115 5094 5094 5094 5094 5112 5112 5112 5112 5192 5192 5192 5192 5188 5188 5188 5188 5141 5141 5141 5141 200000 200000 200000 200000 200000 200000 200000 200000 5017 5017 5017 5017 5262 5262 5262 5262 5189 5189 5189 5189 5386 5386 5386 5386 5319 5319 5319 5319 5252 5252 5252 5252 5173 5173 5173 5173 5236 5236 5236 5236 5115 5115 5115 5115 5094 5094 5094 5094 5112 5112 5112 5112 5192 5192 5192 5192 5188 5188 5188 5188 5141 5141 5141 5141
 0 0 0 0 0 0 0 0 5017 5017 5017 5017 5262 5262 5262 5262 5189 5189 5189 5189 5386 5386 5386 5386 5319 5319 5319 5319 5252 5252 5252 5252 5173 5173 5173 5173 5236 5236 5236 5236 5115 5115 5115 5115 5094 5094 5094 5094 5112 5112 5112 5112 5192 5192 5192 5192 5188 5188 5188 5188 5141 5141 5141 5141 0 0 0 0 0 0 0 0 5017 5017 5017 5017 5262 5262 5262 5262 5189 5189 5189 5189 5386 5386 5386 5386 5319 5319 5319 5319 5252 5252 5252 5252 5173 5173 5173 5173 5236 5236 5236 5236 5115 5115 5115 5115 5094 5094 5094 5094 5112 5112 5112 5112 5192 5192 5192 5192 5188 5188 5188 5188 5141 5141 5141 5141

 200000 200000 200000 200000 200000 200000 200000 200000 5017 5017 5017 5017 5262 5262 5262 5262 5189 5189 5189 5189 5386 5386 5386 5386 5319 5319 5319 5319 5252 5252 5252 5252 5478 5478 5478 5478 5316 5316 5316 5316 5313 5313 5313 5313 5486 5486 5486 5486 5372 5372 5372 5372 5129 5129 5129 5129 5179 5179 5179 5179 5354 5354 5354 5354 200000 200000 200000 200000 200000 200000 200000 200000 5017 5017 5017 5017 5262 5262 5262 5262 5189 5189 5189 5189 5386 5386 5386 5386 5319 5319 5319 5319 5252 5252 5252 5252 5478 5478 5478 5478 5316 5316 5316 5316 5313 5313 5313 5313 5486 5486 5486 5486 5372 5372 5372 5372 5129 5129 5129 5129 5179 5179 5179 5179 5354 5354 5354 5354
 0 0 0 0 0 0 0 0 5017 5017 5017 5017 5262 5262 5262 5262 5189 5189 5189 5189 5386 5386 5386 5386 5319 5319 5319 5319 5252 5252 5252 5252 5478 5478 5478 5478 5316 5316 5316 5316 5313 5313 5313 5313 5486 5486 5486 5486 5372 5372 5372 5372 5129 5129 5129 5129 5179 5179 5179 5179 5354 5354 5354 5354 0 0 0 0 0 0 0 0 5017 5017 5017 5017 5262 5262 5262 5262 5189 5189 5189 5189 5386 5386 5386 5386 5319 5319 5319 5319 5252 5252 5252 5252 5478 5478 5478 5478 5316 5316 5316 5316 5313 5313 5313 5313 5486 5486 5486 5486 5372 5372 5372 5372 5129 5129 5129 5129 5179 5179 5179 5179 5354 5354 5354 5354

 200000 200000 200000 200000 200000 200000 200000 200000 5017 5017 5017 5017 5262 5262 5262 5262 5189 5189 5189 5189 5386 5386 5386 5386 5319 5319 5319 5319 5252 5252 5252 5252 5227 5227 5227 5227 5205 5205 5205 5205 5324 5324 5324 5324 5158 5158 5158 5158 5338 5338 5338 5338 5112 5112 5112 5112 5409 5409 5409 5409 5116 5116 5116 5116 200000 200000 200000 200000 200000 200000 200000 200000 5017 5017 5017 5017 5262 5262 5262 5262 5189 5189 5189 5189 5386 5386 5386 5386 5319 5319 5319 5319 5252 5252 5252 5252 5227 5227 5227 5227 5205 5205 5205 5205 5324 5324 5324 5324 5158 5158 5158 5158 5338 5338 5338 5338 5112 5112 5112 5112 5409 5409 5409 5409 5116 5116 5116 5116
 0 0 0 0 0 0 0 0 5017 5017 5017 5017 5262 5262 5262 5262 5189 5189 5189 5189 5386 5386 5386 5386 5319 5319 5319 5319 5252 5252 5252 5252 5227 5227 5227 5227 5205 5205 5205 5205 5324 5324 5324 5324 5158 5158 5158 5158 5338 5338 5338 5338 5112 5112 5112 5112 5409 5409 5409 5409 5116 5116 5116 5116 0 0 0 0 0 0 0 0 5017 5017 5017 5017 5262 5262 5262 5262 5189 5189 5189 5189 5386 5386 5386 5386 5319 5319 5319 5319 5252 5252 5252 5252 5227 5227 5227 5227 5205 5205 5205 5205 5324 5324 5324 5324 5158 5158 5158 5158 5338 5338 5338 5338 5112 5112 5112 5112 5409 5409 5409 5409 5116 5116 5116 5116

 200000 200000 200000 200000 200000 200000 200000 200000 5017 5017 5017 5017 5262 5262 5262 5262 5189 5189 5189 5189 5386 5386 5386 5386 5319 5319 5319 5319 5252 5252 5252 5252 5341 5341 5341 5341 5331 5331 5331 5331 5487 5487 5487 5487 5413 5413 5413 5413 5186 5186 5186 5186 5335 5335 5335 5335 5303 5303 5303 5303 5235 5235 5235 5235 200000 200000 200000 200000 200000 200000 200000 200000 5017 5017 5017 5017 5262 5262 5262 5262 5189 5189 5189 5189 5386 5386 5386 5386 5319 5319 5319 5319 5252 5252 5252 5252 5341 5341 5341 5341 5331 5331 5331 5331 5487 5487 5487 5487 5413 5413 5413 5413 5186 5186 5186 5186 5335 5335 5335 5335 5303 5303 5303 5303 5235 5235 5235 5235
 0 0 0 0 0 0 0 0 5017 5017 5017 5017 5262 5262 5262 5262 5189 5189 5189 5189 5386 5386 5386 5386 5319 5319 5319 5319 5252 5252 5252 5252 5341 5341 5341 5341 5331 5331 5331 5331 5487 5487 5487 5487 5413 5413 5413 5413 5186 5186 5186 5186 5335 5335 5335 5335 5303 5303 5303 5303 5235 5235 5235 5235 0 0 0 0 0 0 0 0 5017 5017 5017 5017 5262 5262 5262 5262 5189 5189 5189 5189 5386 5386 5386 5386 5319 5319 5319 5319 5252 5252 5252 5252 5341 5341 5341 5341 5331 5331 5331 5331 5487 5487 5487 5487 5413 5413 5413 5413 5186 5186 5186 5186 5335 5335 5335 5335 5303 5303 5303 5303 5235 5235 5235 5235

 200000 200000 200000 200000 200000 200000 200000 200000 5017 5017 5017 5017 5262 5262 5262 5262 5189 5189 5189 5189 5386 5386 5386 5386 5319 5319 5319 5319 5252 5252 5252 5252 5116 5116 5116 5116 5345 5345 5345 5345 5056 5056 5056 5056 5414 5414 5414 5414 5248 5248 5248 5248 5220 5220 5220 5220 5281 5281 5281 5281 5133 5133 5133 5133 200000 200000 200000 200000 200000 200000 200000 200000 5017 5017 5017 5017 5262 5262 5262 5262 5189 5189 5189 5189 5386 5386 5386 5386 5319 5319 5319 5319 5252 5252 5252 5252 5116 5116 5116 5116 5345 5345 5345 5345 5056 5056 5056 5056 5414 5414 5414 5414 5248 5248 5248 5248 5220 5220 5220 5220 5281 5281 5281 5281 5133 5133 5133 5133
 0 0 0 0 0 0 0 0 5017 5017 5017 5017 5262 5262 5262 5262 5189 5189 5189 5189 5386 5386 5386 5386 5319 5319 5319 5319 5252 5252 5252 5252 5116 5116 5116 5116 5345 5345 5345 5345 5056 5056 5056 5056 5414 5414 5414 5414 5248 5248 5248 5248 5220 5220 5220 5220 5281 5281 5281 5281 5133 5133 5133 5133 0 0 0 0 0 0 0 0 5017 5017 5017 5017 5262 5262 5262 5262 5189 5189 5189 5189 5386 5386 5386 5386 5319 5319 5319 5319 5252 5252 5252 5252 5116 5116 5116 5116 5345 5345 5345 5345 5056 5056 5056 5056 5414 5414 5414 5414 5248 5248 5248 5248 5220 5220 5220 5220 5281 5281 5281 5281 5133 5133 5133 5133

 200000 200000 200000 200000 200000 200000 200000 200000 5017 5017 5017 5017 5262 5262 5262 5262 5189 5189 5189 5189 5386 5386 5386 5386 5319 5319 5319 5319 5252 5252 5252 5252 5254 5254 5254 5254 5403 5403 5403 5403 5192 5192 5192 5192 5193 5193 5193 5193 5056 5056 5056 5056 5306 5306 5306 5306 5312 5312 5312 5312 5475 5475 5475 5475 200000 200000 200000 200000 200000 200000 200000 200000 5017 5017 5017 5017 5262 5262 5262 5262 5189 5189 5189 5189 5386 5386 5386 5386 5319 5319 5319 5319 5252 5252 5252 5252 5254 5254 5254 5254 5403 5403 5403 5403 5192 5192 5192 5192 5193 5193 5193 5193 5056 5056 5056 5056 5306 5306 5306 5306 5312 5312 5312 5312 5475 5475 5475 5475
 0 0 0 0 0 0 0 0 5017 5017 5017 5017 5262 5262 5262 5262 5189 5189 5189 5189 5386 5386 5386 5386 5319 5319 5319 5319 5252 5252 5252 5252 5254 5254 5254 5254 5403 5403 5403 5403 5192 5192 5192 5192 5193 5193 5193 5193 5056 5056 5056 5056 5306 5306 5306 5306 5312 5312 5312 5312 5475 5475 5475 5475 0 0 0 0 0 0 0 0 5017 5017 5017 5017 5262 5262 5262 5262 5189 5189 5189 5189 5386 5386 5386 5386 5319 5319 5319 5319 5252 5252 5252 5252 5254 5254 5254 5254 5403 5403 5403 5403 5192 5192 5192 5192 5193 5193 5193 5193 5056 5056 5056 5056 5306 5306 5306 5306 5312 5312 5312 5312 5475 5475 5475 5475

 200000 200000 200000 200000 200000 200000 200000 200000 5017 5017 5017 5017 5262 5262 5262 5262 5189 5189 5189 5189 5386 5386 5386 5386 5319 5319 5319 5319 5252 5252 5252 5252 5040 5040 5040 5040 5349 5349 5349 5349 5056 5056 5056 5056 5000 5000 5000 5000 5320 5320 5320 5320 5109 5109 5109 5109 5282 5282 5282 5282 5427 5427 5427 5427 200000 200000 200000 200000 200000 200000 200000 200000 5017 5017 5017 5017 5262 5262 5262 5262 5189 5189 5189 5189 5386 5386 5386 5386 5319 5319 5319 5319 5252 5252 5252 5252 5040 5040 5040 5040 5349 5349 5349 5349 5056 5056 5056 5056 5000 5000 5000 5000 5320 5320 5320 5320 5109 5109 5109 5109 5282 5282 5282 5282 5427 5427 5427 5427
 0 0 0 0 0 0 0 0 5017 5017 5017 5017 5262 5262 5262 5262 5189 5189 5189 5189 5386 5386 5386 5386 5319 5319 5319 5319 5252 5252 5252 5252 5040 5040 5040 5040 5349 5349 5349 5349 5056 5056 5056 5056 5000 5000 5000 5000 5320 5320 5320 5320 5109 5109 5109 5109 5282 5282 5282 5282 5427 5427 5427 5427 0 0 0 0 0 0 0 0 5017 5017 5017 5017 5262 5262 5262 5262 5189 5189 5189 5189 5386 5386 5386 5386 5319 5319 5319 5319 5252 5252 5252 5252 5040 5040 5040 5040 5349 5349 5349 5349 5056 5056 5056 5056 5000 5000 5000 5000 5320 5320 5320 5320 5109 5109 5109 5109 5282 5282 5282 5282 5427 5427 5427 5427

 200000 200000 200000 200000 200000 200000 200000 200000 5017 5017 5017 5017 5262 5262 5262 5262 5189 5189 5189 5189 5386 5386 5386 5386 5319 5319 5319 5319 5252 5252 5252 5252 5498 5498 5498 5498 5367 5367 5367 5367 5112 5112 5112 5112 5192 5192 5192 5192 5201 5201 5201 5201 5318 5318 5318 5318 5064 5064 5064 5064 5026 5026 5026 5026 200000 200000 200000 200000 200000 200000 200000 200000 5017 5017 5017 5017 5262 5262 5262 5262 5189 5189 5189 5189 5386 5386 5386 5386 5319 5319 5319 5319 5252 5252 5252 5252 5498 5498 5498 5498 5367 5367 5367 5367 5112 5112 5112 5112 5192 5192 5192 5192 5201 5201 5201 5201 5318 5318 5318 5318 5064 5064 5064 5064 5026 5026 5026 5026
 0 0 0 0 0 0 0 0 5017 5017 5017 5017 5262 5262 5262 5262 5189 5189 5189 5189 5386 5386 5386 5386 5319 5319 5319 5319 5252 5252 5252 5252 5498 5498 5498 5498 5367 5367 5367 5367 5112 5112 5112 5112 5192 5192 5192 5192 5201 5201 5201 5201 5318 5318 5318 5318 5064 5064 5064 5064 5026 5026 5026 5026 0 0 0 0 0 0 0 0 5017 5017 5017 5017 5262 5262 5262 5262 5189 5189 5189 5189 5386 5386 5386 5386 5319 5319 5319 5319 5252 5252 5252 5252 5498 5498 5498 5498 5367 5367 5367 5367 5112 5112 5112 5112 5192 5192 5192 5192 5201 5201 5201 5201 5318 5318 5318 5318 5064 5064 5064 5064 5026 5026 5026 5026

 200000 200000 200000 200000 200000 200000 200000 200000 5017 5017 5017 5017 5262 5262 5262 5262 5189 5189 5189 5189 5386 5386 5386 5386 5319 5319 5319 5319 5252 5252 5252 5252 5341 5341 5341 5341 5364 5364 5364 5364 5335 5335 5335 5335 5354 5354 5354 5354 5207 5207 5207 5207 5123 5123 5123 5123 5417 5417 5417 5417 5219 5219 5219 5219 200000 200000 200000 200000 200000 200000 200000 200000 5017 5017 5017 5017 5262 5262 5262 5262 5189 5189 5189 5189 5386 5386 5386 5386 5319 5319 5319 5319 5252 5252 5252 5252 5341 5341 5341 5341 5364 5364 5364 5364 5335 5335 5335 5335 5354 5354 5354 5354 5207 5207 5207 5207 5123 5123 5123 5123 5417 5417 5417 5417 5219 5219 5219 5219
 0 0 0 0 0 0 0 0 5017 5017 5017 5017 5262 5262 5262 5262 5189 5189 5189 5189 5386 5386 5386 5386 5319 5319 5319 5319 5252 5252 5252 5252 5341 5341 5341 5341 5364 5364 5364 5364 5335 5335 5335 5335 5354 5354 5354 5354 5207 5207 5207 5207 5123 5123 5123 5123 5417 5417 5417 5417 5219 5219 5219 5219 0 0 0 0 0 0 0 0 5017 5017 5017 5017 5262 5262 5262 5262 5189 5189 5189 5189 5386 5386 5386 5386 5319 5319 5319 5319 5252 5252 5252 5252 5341 5341 5341 5341 5364 5364 5364 5364 5335 5335 5335 5335 5354 5354 5354 5354 5207 5207 5207 5207 5123 5123 5123 5123 5417 5417 5417 5417 5219 5219 5219 5219

 200000 200000 200000 200000 200000 200000 200000 200000 5017 5017 5017 5017 5262 5262 5262 5262 5189 5189 5189 5189 5386 5386 5386 5386 5319 5319 5319 5319 5252 5252 5252 5252 5101 5101 5101 5101 5091 5091 5091 5091 5061 5061 5061 5061 5200 5200 5200 5200 5383 5383 5383 5383 5146 5146 5146 5146 5139 5139 5139 5139 5418 5418 5418 5418 200000 200000 200000 200000 200000 200000 200000 200000 5017 5017 5017 5017 5262 5262 5262 5262 5189 5189 5189 5189 5386 5386 5386 5386 5319 5319 5319 5319 5252 5252 5252 5252 5101 5101 5101 5101 5091 5091 5091 5091 5061 5061 5061 5061 5200 5200 5200 5200 5383 5383 5383 5383 5146 5146 5146 5146 5139 5139 5139 5139 5418 5418 5418 5418
 0 0 0 0 0 0 0 0 5017 5017 5017 5017 5262 5262 5262 5262 5189 5189 5189 5189 5386 5386 5386 5386 5319 5319 5319 5319 5252 5252 5252 5252 5101 5101 5101 5101 5091 5091 5091 5091 5061 5061 5061 5061 5200 5200 5200 5200 5383 5383 5383 5383 5146 5146 5146 5146 5139 5139 5139 5139 5418 5418 5418 5418 0 0 0 0 0 0 0 0 5017 5017 5017 5017 5262 5262 5262 5262 5189 5189 5189 5189 5386 5386 5386 5386 5319 5319 5319 5319 5252 5252 5252 5252 5101 5101 5101 5101 5091 5091 5091 5091 5061 5061 5061 5061 5200 5200 5200 5200 5383 5383 5383 5383 5146 5146 5146 5146 5139 5139 5139 5139 5418 5418 5418 5418

 200000 200000 200000 200000 200000 200000 200000 200000 5017 5017 5017 5017 5262 5262 5262 5262 5189 5189 5189 5189 5386 5386 5386 5386 5319 5319 5319 5319 5252 5252 5252 5252 5441 5441 5441 5441 5304 5304 5304 5304 5098 5098 5098 5098 5490 5490 5490 5490 5453 5453 5453 5453 5255 5255 5255 5255 5375 5375 5375 5375 5071 5071 5071 5071 200000 200000 200000 200000 200000 200000 200000 200000 5017 5017 5017 5017 5262 5262 5262 5262 5189 5189 5189 5189 5386 5386 5386 5386 5319 5319 5319 5319 5252 5252 5252 5252 5441 5441 5441 5441 5304 5304 5304 5304 5098 5098 5098 5098 5490 5490 5490 5490 5453 5453 5453 5453 5255 5255 5255 5255 5375 5375 5375 5375 5071 5071 5071 5071
 0 0 0 0 0 0 0 0 5017 5017 5017 5017 5262 5262 5262 5262 5189 5189 5189 5189 5386 5386 5386 5386 5319 5319 5319 5319 5252 5252 5252 5252 5441 5441 5441 5441 5304 5304 5304 5304 5098 5098 5098 5098 5490 5490 5490 5490 5453 5453 5453 5453 5255 5255 5255 5255 5375 5375 5375 5375 5071 5071 5071 5071 0 0 0 0 0 0 0 0 5017 5017 5017 5017 5262 5262 5262 5262 5189 5189 5189 5189 5386 5386 5386 5386 5319 5319 5319 5319 5252 5252 5252 5252 5441 5441 5441 5441 5304 5304 5304 5304 5098 5098 5098 5098 5490 5490 5490 5490 5453 5453 5453 5453 5255 5255 5255 5255 5375 5375 5375 5375 5071 5071 5071 5071

 200000 200000 200000 200000 200000 200000 200000 200000 5017 5017 5017 5017 5262 5262 5262 5262 5189 5189 5189 5189 5386 5386 5386 5386 5319 5319 5319 5319 5252 5252 5252 5252 5304 5304 5304 5304 5100 5100 5100 5100 5061 5061 5061 5061 5093 5093 5093 5093 5162 5162 5162 5162 5231 5231 5231 5231 5174 5174 5174 5174 5385 5385 5385 5385 200000 200000 200000 200000 200000 200000 200000 200000 5017 5017 5017 5017 5262 5262 5262 5262 5189 5189 5189 5189 5386 5386 5386 5386 5319 5319 5319 5319 5252 5252 5252 5252 5304 5304 5304 5304 5100 5100 5100 5100 5061 5061 5061 5061 5093 5093 5093 5093 5162 5162 5162 5162 5231 5231 5231 5231 5174 5174 5174 5174 5385 5385 5385 5385
 0 0 0 0 0 0 0 0 5017 5017 5017 5017 5262 5262 5262 5262 5189 5189 5189 5189 5386 5386 5386 5386 5319 5319 5319 5319 5252 5252 5252 5252 5304 5304 5304 5304 5100 5100 5100 5100 5061 5061 5061 5061 5093 5093 5093 5093 5162 5162 5162 5162 5231 5231 5231 5231 5174 5174 5174 5174 5385 5385 5385 5385 0 0 0 0 0 0 0 0 5017 5017 5017 5017 5262 5262 5262 5262 5189 5189 5189 5189 5386 5386 5386 5386 5319 5319 5319 5319 5252 5252 5252 5252 5304 5304 5304 5304 5100 5100 5100 5100 5061 5061 5061 5061 5093 5093 5093 5093 5162 5162 5162 5162 5231 5231 5231 5231 5174 5174 5174 5174 5385 5385 5385 5385

 200000 200000 200000 200000 200000 200000 200000 200000 5017 5017 5017 5017 5262 5262 5262 5262 5189 5189 5189 5189 5386 5386 5386 5386 5319 5319 5319 5319 5252 5252 5252 5252 5329 5329 5329 5329 5381 5381 5381 5381 5477 5477 5477 5477 5465 5465 5465 5465 5201 5201 5201 5201 5172 5172 5172 5172 5481 5481 5481 5481 5255 5255 5255 5255 200000 200000 200000 200000 200000 200000 200000 200000 5017 5017 5017 5017 5262 5262 5262 5262 5189 5189 5189 5189 5386 5386 5386 5386 5319 5319 5319 5319 5252 5252 5252 5252 5329 5329 5329 5329 5381 5381 5381 5381 5477 5477 5477 5477 5465 5465 5465 5465 5201 5201 5201 5201 5172 5172 5172 5172 5481 5481 5481 5481 5255 5255 5255 5255
 0 0 0 0 0 0 0 0 5017 5017 5017 5017 5262 5262 5262 5262 5189 5189 5189 5189 5386 5386 5386 5386 5319 5319 5319 5319 5252 5252 5252 5252 5329 5329 5329 5329 5381 5381 5381 5381 5477 5477 5477 5477 5465 5465 5465 5465 5201 5201 5201 5201 5172 5172 5172 5172 5481 5481 5481 5481 5255 5255 5255 5255 0 0 0 0 0 0 0 0 5017 5017 5017 5017 5262 5262 5262 5262 5189 5189 5189 5189 5386 5386 5386 5386 5319 5319 5319 5319 5252 5252 5252 5252 5329 5329 5329 5329 5381 5381 5381 5381 5477 5477 5477 5477 5465 5465 5465 5465 5201 5201 5201 5201 5172 5172 5172 5172 5481 5481 5481 5481 5255 5255 5255 5255

 200000 200000 200000 200000 200000 200000 200000 200000 5017 5017 5017 5017 5262 5262 5262 5262 5189 5189 5189 5189 5386 5386 5386 5386 5319 5319 5319 5319 5252 5252 5252 5252 5073 5073 5073 5073 5073 5073 5073 5073 5431 5431 5431 5431 5355 5355 5355 5355 5409 5409 5409 5409 5244 5244 5244 5244 5464 5464 5464 5464 5467 5467 5467 5467 200000 200000 200000 200000 200000 200000 200000 200000 5017 5017 5017 5017 5262 5262 5262 5262 5189 5189 5189 5189 5386 5386 5386 5386 5319 5319 5319 5319 5252 5252 5252 5252 5073 5073 5073 5073 5073 5073 5073 5073 5431 5431 5431 5431 5355 5355 5355 5355 5409 5409 5409 5409 5244 5244 5244 5244 5464 5464 5464 5464 5467 5467 5467 5467
 0 0 0 0 0 0 0 0 5017 5017 5017 5017 5262 5262 5262 5262 5189 5189 5189 5189 5386 5386 5386 5386 5319 5319 5319 5319 5252 5252 5252 5252 5073 5073 5073 5073 5073 5073 5073 5073 5431 5431 5431 5431 5355 5355 5355 5355 5409 5409 5409 5409 5244 5244 5244 5244 5464 5464 5464 5464 5467 5467 5467 5467 0 0 0 0 0 0 0 0 5017 5017 5017 5017 5262 5262 5262 5262 5189 5189 5189 5189 5386 5386 5386 5386 5319 5319 5319 5319 5252 5252 5252 5252 5073 5073 5073 5073 5073 5073 5073 5073 5431 5431 5431 5431 5355 5355 5355 5355 5409 5409 5409 5409 5244 5244 5244 5244 5464 5464 5464 5464 5467 5467 5467 5467

 200000 200000 200000 200000 200000 200000 200000 200000 5017 5017 5017 5017 5262 5262 5262 5262 5189 5189 5189 5189 5386 5386 5386 5386 5319 5319 5319 5319 5252 5252 5252 5252 5319 5319 5319 5319 5275 5275 5275 5275 5168 5168 5168 5168 5435 5435 5435 5435 5320 5320 5320 5320 5389 5389 5389 5389 5493 5493 5493 5493 5476 5476 5476 5476 200000 200000 200000 200000 200000 200000 200000 200000 5017 5017 5017 5017 5262 5262 5262 5262 5189 5189 5189 5189 5386 5386 5386 5386 5319 5319 5319 5319 5252 5252 5252 5252 5319 5319 5319 5319 5275 5275 5275 5275 5168 5168 5168 5168 5435 5435 5435 5435 5320 5320 5320 5320 5389 5389 5389 5389 5493 5493 5493 5493 5476 5476 5476 5476
 0 0 0 0 0 0 0 0 5017 5017 5017 5017 5262 5262 5262 5262 5189 5189 5189 5189 5386 5386 5386 5386 5319 5319 5319 5319 5252 5252 5252 5252 5319 5319 5319 5319 5275 5275 5275 5275 5168 5168 5168 5168 5435 5435 5435 5435 5320 5320 5320 5320 5389 5389 5389 5389 5493 5493 5493 5493 5476 5476 5476 5476 0 0 0 0 0 0 0 0 5017 5017 5017 5017 5262 5262 5262 5262 5189 5189 5189 5189 5386 5386 5386 5386 5319 5319 5319 5319 5252 5252 5252 5252 5319 5319 5319 5319 5275 5275 5275 5275 5168 5168 5168 5168 5435 5435 5435 5435 5320 5320 5320 5320 5389 5389 5389 5389 5493 5493 5493 5493 5476 5476 5476 5476

 200000 200000 200000 200000 200000 200000 200000 200000 5017 5017 5017 5017 5262 5262 5262 5262 5189 5189 5189 5189 5386 5386 5386 5386 5319 5319 5319 5319 5252 5252 5252 5252 5236 5236 5236 5236 5472 5472 5472 5472 5075 5075 5075 5075 5207 5207 5207 5207 5494 5494 5494 5494 5148 5148 5148 5148 5305 5305 5305 5305 5131 5131 5131 5131 200000 200000 200000 200000 200000 200000 200000 200000 5017 5017 5017 5017 5262 5262 5262 5262 5189 5189 5189 5189 5386 5386 5386 5386 5319 5319 5319 5319 5252 5252 5252 5252 5236 5236 5236 5236 5472 5472 5472 5472 5075 5075 5075 5075 5207 5207 5207 5207 5494 5494 5494 5494 5148 5148 5148 5148 5305 5305 5305 5305 5131 5131 5131 5131
 0 0 0 0 0 0 0 0 5017 5017 5017 5017 5262 5262 5262 5262 5189 5189 5189 5189 5386 5386 5386 5386 5319 5319 5319 5319 5252 5252 5252 5252 5236 5236 5236 5236 5472 5472 5472 5472 5075 5075 5075 5075 5207 5207 5207 5207 5494 5494 5494 5494 5148 5148 5148 5148 5305 5305 5305 5305 5131 5131 5131 5131 0 0 0 0 0 0 0 0 5017 5017 5017 5017 5262 5262 5262 5262 5189 5189 5189 5189 5386 5386 5386 5386 5319 5319 5319 5319 5252 5252 5252 5252 5236 5236 5236 5236 5472 5472 5472 5472 5075 5075 5075 5075 5207 5207 5207 5207 5494 5494 5494 5494 5148 5148 5148 5148 5305 5305 5305 5305 5131 5131 5131 5131

 200000 200000 200000 200000 200000 200000 200000 200000 5017 5017 5017 5017 5262 5262 5262 5262 5189 5189 5189 5189 5386 5386 5386 5386 5319 5319 5319 5319 5252 5252 5252 5252 5381 5381 5381 5381 5071 5071 5071 5071 5172 5172 5172 5172 5311 5311 5311 5311 5285 5285 5285 5285 5440 5440 5440 5440 5000 5000 5000 5000 5448 5448 5448 5448 200000 200000 200000 200000 200000 200000 200000 200000 5017 5017 5017 5017 5262 5262 5262 5262 5189 5189 5189 5189 5386 5386 5386 5386 5319 5319 5319 5319 5252 5252 5252 5252 5381 5381 5381 5381 5071 5071 5071 5071 5172 5172 5172 5172 5311 5311 5311 5311 5285 5285 5285 5285 5440 5440 5440 5440 5000 5000 5000 5000 5448 5448 5448 5448
 0 0 0 0 0 0 0 0 5017 5017 5017 5017 5262 5262 5262 5262 5189 5189 5189 5189 5386 5386 5386 5386 5319 5319 5319 5319 5252 5252 5252 5252 5381 5381 5381 5381 5071 5071 5071 5071 5172 5172 5172 5172 5311 5311 5311 5311 5285 5285 5285 5285 5440 5440 5440 5440 5000 5000 5000 5000 5448 5448 5448 5448 0 0 0 0 0 0 0 0 5017 5017 5017 5017 5262 5262 5262 5262 5189 5189 5189 5189 5386 5386 5386 5386 5319 5319 5319 5319 5252 5252 5252 5252 5381 5381 5381 5381 5071 5071 5071 5071 5172 5172 5172 5172 5311 5311 5311 5311 5285 5285 5285 5285 5440 5440 5440 5440 5000 5000 5000 5000 5448 5448 5448 5448

 200000 200000 200000 200000 200000 200000 200000 200000 5017 5017 5017 5017 5262 5262 5262 5262 5189 5189 5189 5189 5386 5386 5386 5386 5319 5319 5319 5319 5252 5252 5252 5252 5151 5151 5151 5151 5126 5126 5126 5126 5325 5325 5325 5325 5226 5226 5226 5226 5018 5018 5018 5018 5079 5079 5079 5079 5004 5004 5004 5004 5116 5116 5116 5116 200000 200000 200000 200000 200000 200000 200000 200000 5017 5017 5017 5017 5262 5262 5262 5262 5189 5189 5189 5189 5386 5386 5386 5386 5319 5319 5319 5319 5252 5252 5252 5252 5151 5151 5151 5151 5126 5126 5126 5126 5325 5325 5325 5325 5226 5226 5226 5226 5018 5018 5018 5018 5079 5079 5079 5079 5004 5004 5004 5004 5116 5116 5116 5116
 0 0 0 0 0 0 0 0 5017 5017 5017 5017 5262 5262 5262 5262 5189 5189 5189 5189 5386 5386 5386 5386 5319 5319 5319 5319 5252 5252 5252 5252 5151 5151 5151 5151 5126 5126 5126 5126 5325 5325 5325 5325 5226 5226 5226 5226 5018 5018 5018 5018 5079 5079 5079 5079 5004 5004 5004 5004 5116 5116 5116 5116 0 0 0 0 0 0 0 0 5017 5017 5017 5017 5262 5262 5262 5262 5189 5189 5189 5189 5386 5386 5386 5386 5319 5319 5319 5319 5252 5252 5252 5252 5151 5151 5151 5151 5126 5126 5126 5126 5325 5325 5325 5325 5226 5226 5226 5226 5018 5018 5018 5018 5079 5079 5079 5079 5004 5004 5004 5004 5116 5116 5116 5116

 200000 200000 200000 200000 200000 200000 200000 200000 5017 5017 5017 5017 5262 5262 5262 5262 5189 5189 5189 5189 5386 5386 5386 5386 5319 5319 5319 5319 5252 5252 5252 5252 5049 5049 5049 5049 5329 5329 5329 5329 5407 5407 5407 5407 5103 5103 5103 5103 5065 5065 5065 5065 5201 5201 5201 5201 5075 5075 5075 5075 5026 5026 5026 5026 200000 200000 200000 200000 200000 200000 200000 200000 5017 5017 5017 5017 5262 5262 5262 5262 5189 5189 5189 5189 5386 5386 5386 5386 5319 5319 5319 5319 5252 5252 5252 5252 5049 5049 5049 5049 5329 5329 5329 5329 5407 5407 5407 5407 5103 5103 5103 5103 5065 5065 5065 5065 5201 5201 5201 5201 5075 5075 5075 5075 5026 5026 5026 5026
 0 0 0 0 0 0 0 0 5017 5017 5017 5017 5262 5262 5262 5262 5189 5189 5189 5189 5386 5386 5386 5386 5319 5319 5319 5319 5252 5252 5252 5252 5049 5049 5049 5049 5329 5329 5329 5329 5407 5407 5407 5407 5103 5103 5103 5103 5065 5065 5065 5065 5201 5201 5201 5201 5075 5075 5075 5075 5026 5026 5026 5026 0 0 0 0 0 0 0 0 5017 5017 5017 5017 5262 5262 5262 5262 5189 5189 5189 5189 5386 5386 5386 5386 5319 5319 5319 5319 5252 5252 5252 5252 5049 5049 5049 5049 5329 5329 5329 5329 5407 5407 5407 5407 5103 5103 5103 5103 5065 5065 5065 5065 5201 5201 5201 5201 5075 5075 5075 5075 5026 5026 5026 5026

 200000 200000 200000 200000 200000 200000 200000 200000 5017 5017 5017 5017 5262 5262 5262 5262 5189 5189 5189 5189 5386 5386 5386 5386 5319 5319 5319 5319 5252 5252 5252 5252 5059 5059 5059 5059 5336 5336 5336 5336 5459 5459 5459 5459 5313 5313 5313 5313 5293 5293 5293 5293 5312 5312 5312 5312 5483 5483 5483 5483 5209 5209 5209 5209 200000 200000 200000 200000 200000 200000 200000 200000 5017 5017 5017 5017 5262 5262 5262 5262 5189 5189 5189 5189 5386 5386 5386 5386 5319 5319 5319 5319 5252 5252 5252 5252 5059 5059 5059 5059 5336 5336 5336 5336 5459 5459 5459 5459 5313 5313 5313 5313 5293 5293 5293 5293 5312 5312 5312 5312 5483 5483 5483 5483 5209 5209 5209 5209
 0 0 0 0 0 0 0 0 5017 5017 5017 5017 5262 5262 5262 5262 5189 5189 5189 5189 5386 5386 5386 5386 5319 5319 5319 5319 5252 5252 5252 5252 5059 5059 5059 5059 5336 5336 5336 5336 5459 5459 5459 5459 5313 5313 5313 5313 5293 5293 5293 5293 5312 5312 5312 5312 5483 5483 5483 5483 5209 5209 5209 5209 0 0 0 0 0 0 0 0 5017 5017 5017 5017 5262 5262 5262 5262 5189 5189 5189 5189 5386 5386 5386 5386 5319 5319 5319 5319 5252 5252 5252 5252 5059 5059 5059 5059 5336 5336 5336 5336 5459 5459 5459 5459 5313 5313 5313 5313 5293 5293 5293 5293 5312 5312 5312 5312 5483 5483 5483 5483 5209 5209 5209 5209

 200000 200000 200000 200000 200000 200000 200000 200000 5017 5017 5017 5017 5262 5262 5262 5262 5189 5189 5189 5189 5386 5386 5386 5386 5319 5319 5319 5319 5252 5252 5252 5252 5210 5210 5210 5210 5051 5051 5051 5051 5425 5425 5425 5425 5126 5126 5126 5126 5113 5113 5113 5113 5055 5055 5055 5055 5254 5254 5254 5254 5236 5236 5236 5236 200000 200000 200000 200000 200000 200000 200000 200000 5017 5017 5017 5017 5262 5262 5262 5262 5189 5189 5189 5189 5386 5386 5386 5386 5319 5319 5319 5319 5252 5252 5252 5252 5210 5210 5210 5210 5051 5051 5051 5051 5425 5425 5425 5425 5126 5126 5126 5126 5113 5113 5113 5113 5055 5055 5055 5055 5254 5254 5254 5254 5236 5236 5236 5236
 0 0 0 0 0 0 0 0 5017 5017 5017 5017 5262 5262 5262 5262 5189 5189 5189 5189 5386 5386 5386 5386 5319 5319 5319 5319 5252 5252 5252 5252 5210 5210 5210 5210 5051 5051 5051 5051 5425 5425 5425 5425 5126 5126 5126 5126 5113 5113 5113 5113 5055 5055 5055 5055 5254 5254 5254 5254 5236 5236 5236 5236 0 0 0 0 0 0 0 0 5017 5017 5017 5017 5262 5262 5262 5262 5189 5189 5189 5189 5386 5386 5386 5386 5319 5319 5319 5319 5252 5252 5252 5252 5210 5210 5210 5210 5051 5051 5051 5051 5425 5425 5425 5425 5126 5126 5126 5126 5113 5113 5113 5113 5055 5055 5055 5055 5254 5254 5254 5254 5236 5236 5236 5236

 200000 200000 200000 200000 200000 200000 200000 200000 5017 5017 5017 5017 5262 5262 5262 5262 5189 5189 5189 5189 5386 5386 5386 5386 5319 5319 5319 5319 5252 5252 5252 5252 5049 5049 5049 5049 5076 5076 5076 5076 5430 5430 5430 5430 5456 5456 5456 5456 5447 5447 5447 5447 5438 5438 5438 5438 5168 5168 5168 5168 5352 5352 5352 5352 200000 200000 200000 200000 200000 200000 200000 200000 5017 5017 5017 5017 5262 5262 5262 5262 5189 5189 5189 5189 5386 5386 5386 5386 5319 5319 5319 5319 5252 5252 5252 5252 5049 5049 5049 5049 5076 5076 5076 5076 5430 5430 5430 5430 5456 5456 5456 5456 5447 5447 5447 5447 5438 5438 5438 5438 5168 5168 5168 5168 5352 5352 5352 5352
 0 0 0 0 0 0 0 0 5017 5017 5017 5017 5262 5262 5262 5262 5189 5189 5189 5189 5386 5386 5386 5386 5319 5319 5319 5319 5252 5252 5252 5252 5049 5049 5049 5049 5076 5076 5076 5076 5430 5430 5430 5430 5456 5456 5456 5456 5447 5447 5447 5447 5438 5438 5438 5438 5168 5168 5168 5168 5352 5352 5352 5352 0 0 0 0 0 0 0 0 5017 5017 5017 5017 5262 5262 5262 5262 5189 5189 5189 5189 5386 5386 5386 5386 5319 5319 5319 5319 5252 5252 5252 5252 5049 5049 5049 5049 5076 5076 5076 5076 5430 5430 5430 5430 5456 5456 5456 5456 5447 5447 5447 5447 5438 5438 5438 5438 5168 5168 5168 5168 5352 5352 5352 5352

 200000 200000 200000 200000 200000 200000 200000 200000 5017 5017 5017 5017 5262 5262 5262 5262 5189 5189 5189 5189 5386 5386 5386 5386 5319 5319 5319 5319 5252 5252 5252 5252 5410 5410 5410 5410 5081 5081 5081 5081 5359 5359 5359 5359 5478 5478 5478 5478 5340 5340 5340 5340 5497 5497 5497 5497 5080 5080 5080 5080 5289 5289 5289 5289 200000 200000 200000 200000 200000 200000 200000 200000 5017 5017 5017 5017 5262 5262 5262 5262 5189 5189 5189 5189 5386 5386 5386 5386 5319 5319 5319 5319 5252 5252 5252 5252 5410 5410 5410 5410 5081 5081 5081 5081 5359 5359 5359 5359 5478 5478 5478 5478 5340 5340 5340 5340 5497 5497 5497 5497 5080 5080 5080 5080 5289 5289 5289 5289
 0 0 0 0 0 0 0 0 5017 5017 5017 5017 5262 5262 5262 5262 5189 5189 5189 5189 5386 5386 5386 5386 5319 5319 5319 5319 5252 5252 5252 5252 5410 5410 5410 5410 5081 5081 5081 5081 5359 5359 5359 5359 5478 5478 5478 5478 5340 5340 5340 5340 5497 5497 5497 5497 5080 5080 5080 5080 5289 5289 5289 5289 0 0 0 0 0 0 0 0 5017 5017 5017 5017 5262 5262 5262 5262 5189 5189 5189 5189 5386 5386 5386 5386 5319 5319 5319 5319 5252 5252 5252 5252 5410 5410 5410 5410 5081 5081 5081 5081 5359 5359 5359 5359 5478 5478 5478 5478 5340 5340 5340 5340 5497 5497 5497 5497 5080 5080 5080 5080 5289 5289 5289 5289

 200000 200000 200000 200000 200000 200000 200000 200000 5017 5017 5017 5017 5262 5262 5262 5262 5189 5189 5189 5189 5386 5386 5386 5386 5319 5319 5319 5319 5252 5252 5252 5252 5400 5400 5400 5400 5198 5198 5198 5198 5138 5138 5138 5138 5407 5407 5407 5407 5457 5457 5457 5457 5251 5251 5251 5251 5447 5447 5447 5447 5195 5195 5195 5195 200000 200000 200000 200000 200000 200000 200000 200000 5017 5017 5017 5017 5262 5262 5262 5262 5189 5189 5189 5189 5386 5386 5386 5386 5319 5319 5319 5319 5252 5252 5252 5252 5400 5400 5400 5400 5198 5198 5198 5198 5138 5138 5138 5138 5407 5407 5407 5407 5457 5457 5457 5457 5251 5251 5251 5251 5447 5447 5447 5447 5195 5195 5195 5195
 0 0 0 0 0 0 0 0 5017 5017 5017 5017 5262 5262 5262 5262 5189 5189 5189 5189 5386 5386 5386 5386 5319 5319 5319 5319 5252 5252 5252 5252 5400 5400 5400 5400 5198 5198 5198 5198 5138 5138 5138 5138 5407 5407 5407 5407 5457 5457 5457 5457 5251 5251 5251 5251 5447 5447 5447 5447 5195 5195 5195 5195 0 0 0 0 0 0 0 0 5017 5017 5017 5017 5262 5262 5262 5262 5189 5189 5189 5189 5386 5386 5386 5386 5319 5319 5319 5319 5252 5252 5252 5252 5400 5400 5400 5400 5198 5198 5198 5198 5138 5138 5138 5138 5407 5407 5407 5407 5457 5457 5457 5457 5251 5251 5251 5251 5447 5447 5447 5447 5195 5195 5195 5195

 200000 200000 200000 200000 200000 200000 200000 200000 5017 5017 5017 5017 5262 5262 5262 5262 5189 5189 5189 5189 5386 5386 5386 5386 5319 5319 5319 5319 5252 5252 5252 5252 5067 5067 5067 5067 5097 5097 5097 5097 5200 5200 5200 5200 5319 5319 5319 5319 5016 5016 5016 5016 5343 5343 5343 5343 5229 5229 5229 5229 5477 5477 5477 5477 200000 200000 200000 200000 200000 200000 200000 200000 5017 5017 5017 5017 5262 5262 5262 5262 5189 5189 5189 5189 5386 5386 5386 5386 5319 5319 5319 5319 5252 5252 5252 5252 5067 5067 5067 5067 5097 5097 5097 5097 5200 5200 5200 5200 5319 5319 5319 5319 5016 5016 5016 5016 5343 5343 5343 5343 5229 5229 5229 5229 5477 5477 5477 5477
 0 0 0 0 0 0 0 0 5017 5017 5017 5017 5262 5262 5262 5262 5189 5189 5189 5189 5386 5386 5386 5386 5319 5319 5319 5319 5252 5252 5252 5252 5067 5067 5067 5067 5097 5097 5097 5097 5200 5200 5200 5200 5319 5319 5319 5319 5016 5016 5016 5016 5343 5343 5343 5343 5229 5229 5229 5229 5477 5477 5477 5477 0 0 0 0 0 0 0 0 5017 5017 5017 5017 5262 5262 5262 5262 5189 5189 5189 5189 5386 5386 5386 5386 5319 5319 5319 5319 5252 5252 5252 5252 5067 5067 5067 5067 5097 5097 5097 5097 5200 5200 5200 5200 5319 5319 5319 5319 5016 5016 5016 5016 5343 5343 5343 5343 5229 5229 5229 5229 5477 5477 5477 5477

 200000 200000 200000 200000 200000 200000 200000 200000 5017 5017 5017 5017 5262 5262 5262 5262 5189 5189 5189 5189 5386 5386 5386 5386 5319 5319 5319 5319 5252 5252 5252 5252 5441 5441 5441 5441 5234 5234 5234 5234 5187 5187 5187 5187 5010 5010 5010 5010 5374 5374 5374 5374 5334 5334 5334 5334 5018 5018 5018 5018 5114 5114 5114 5114 200000 200000 200000 200000 200000 200000 200000 200000 5017 5017 5017 5017 5262 5262 5262 5262 5189 5189 5189 5189 5386 5386 5386 5386 5319 5319 5319 5319 5252 5252 5252 5252 5441 5441 5441 5441 5234 5234 5234 5234 5187 5187 5187 5187 5010 5010 5010 5010 5374 5374 5374 5374 5334 5334 5334 5334 5018 5018 5018 5018 5114 5114 5114 5114
 0 0 0 0 0 0 0 0 5017 5017 5017 5017 5262 5262 5262 5262 5189 5189 5189 5189 5386 5386 5386 5386 5319 5319 5319 5319 5252 5252 5252 5252 5441 5441 5441 5441 5234 5234 5234 5234 5187 5187 5187 5187 5010 5010 5010 5010 5374 5374 5374 5374 5334 5334 5334 5334 5018 5018 5018 5018 5114 5114 5114 5114 0 0 0 0 0 0 0 0 5017 5017 5017 5017 5262 5262 5262 5262 5189 5189 5189 5189 5386 5386 5386 5386 5319 5319 5319 5319 5252 5252 5252 5252 5441 5441 5441 5441 5234 5234 5234 5234 5187 5187 5187 5187 5010 5010 5010 5010 5374 5374 5374 5374 5334 5334 5334 5334 5018 5018 5018 5018 5114 5114 5114 5114

 200000 200000 200000 200000 200000 200000 200000 200000 5017 5017 5017 5017 5262 5262 5262 5262 5189 5189 5189 5189 5386 5386 5386 5386 5319 5319 5319 5319 5252 5252 5252 5252 5182 5182 5182 5182 5281 5281 5281 5281 5218 5218 5218 5218 5387 5387 5387 5387 5141 5141 5141 5141 5013 5013 5013 5013 5112 5112 5112 5112 5138 5138 5138 5138 200000 200000 200000 200000 200000 200000 200000 200000 5017 5017 5017 5017 5262 5262 5262 5262 5189 5189 5189 5189 5386 5386 5386 5386 5319 5319 5319 5319 5252 5252 5252 5252 5182 5182 5182 5182 5281 5281 5281 5281 5218 5218 5218 5218 5387 5387 5387 5387 5141 5141 5141 5141 5013 5013 5013 5013 5112 5112 5112 5112 5138 5138 5138 5138
 0 0 0 0 0 0 0 0 5017 5017 5017 5017 5262 5262 5262 5262 5189 5189 5189 5189 5386 5386 5386 5386 5319 5319 5319 5319 5252 5252 5252 5252 5182 5182 5182 5182 5281 5281 5281 5281 5218 5218 5218 5218 5387 5387 5387 5387 5141 5141 5141 5141 5013 5013 5013 5013 5112 5112 5112 5112 5138 5138 5138 5138 0 0 0 0 0 0 0 0 5017 5017 5017 5017 5262 5262 5262 5262 5189 5189 5189 5189 5386 5386 5386 5386 5319 5319 5319 5319 5252 5252 5252 5252 5182 5182 5182 5182 5281 5281 5281 5281 5218 5218 5218 5218 5387 5387 5387 5387 5141 5141 5141 5141 5013 5013 5013 5013 5112 5112 5112 5112 5138 5138 5138 5138

 200000 200000 200000 200000 200000 200000 200000 200000 5017 5017 5017 5017 5262 5262 5262 5262 5189 5189 5189 5189 5386 5386 5386 5386 5319 5319 5319 5319 5252 5252 5252 5252 5398 5398 5398 5398 5304 5304 5304 5304 5141 5141 5141 5141 5439 5439 5439 5439 5479 5479 5479 5479 5240 5240 5240 5240 5226 5226 5226 5226 5414 5414 5414 5414 200000 200000 200000 200000 200000 200000 200000 200000 5017 5017 5017 5017 5262 5262 5262 5262 5189 5189 5189 5189 5386 5386 5386 5386 5319 5319 5319 5319 5252 5252 5252 5252 5398 5398 5398 5398 5304 5304 5304 5304 5141 5141 5141 5141 5439 5439 5439 5439 5479 5479 5479 5479 5240 5240 5240 5240 5226 5226 5226 5226 5414 5414 5414 5414
 0 0 0 0 0 0 0 0 5017 5017 5017 5017 5262 5262 5262 5262 5189 5189 5189 5189 5386 5386 5386 5386 5319 5319 5319 5319 5252 5252 5252 5252 5398 5398 5398 5398 5304 5304 5304 5304 5141 5141 5141 5141 5439 5439 5439 5439 5479 5479 5479 5479 5240 5240 5240 5240 5226 5226 5226 5226 5414 5414 5414 5414 0 0 0 0 0 0 0 0 5017 5017 5017 5017 5262 5262 5262 5262 5189 5189 5189 5189 5386 5386 5386 5386 5319 5319 5319 5319 5252 5252 5252 5252 5398 5398 5398 5398 5304 5304 5304 5304 5141 5141 5141 5141 5439 5439 5439 5439 5479 5479 5479 5479 5240 5240 5240 5240 5226 5226 5226 5226 5414 5414 5414 5414

 200000 200000 200000 200000 200000 200000 200000 200000 5017 5017 5017 5017 5262 5262 5262 5262 5189 5189 5189 5189 5386 5386 5386 5386 5319 5319 5319 5319 5252 5252 5252 5252 5407 5407 5407 5407 5329 5329 5329 5329 5257 5257 5257 5257 5273 5273 5273 5273 5095 5095 5095 5095 5024 5024 5024 5024 5255 5255 5255 5255 5008 5008 5008 5008 200000 200000 200000 200000 200000 200000 200000 200000 5017 5017 5017 5017 5262 5262 5262 5262 5189 5189 5189 5189 5386 5386 5386 5386 5319 5319 5319 5319 5252 5252 5252 5252 5407 5407 5407 5407 5329 5329 5329 5329 5257 5257 5257 5257 5273 5273 5273 5273 5095 5095 5095 5095 5024 5024 5024 5024 5255 5255 5255 5255 5008 5008 5008 5008
 0 0 0 0 0 0 0 0 5017 5017 5017 5017 5262 5262 5262 5262 5189 5189 5189 5189 5386 5386 5386 5386 5319 5319 5319 5319 5252 5252 5252 5252 5407 5407 5407 5407 5329 5329 5329 5329 5257 5257 5257 5257 5273 5273 5273 5273 5095 5095 5095 5095 5024 5024 5024 5024 5255 5255 5255 5255 5008 5008 5008 5008 0 0 0 0 0 0 0 0 5017 5017 5017 5017 5262 5262 5262 5262 5189 5189 5189 5189 5386 5386 5386 5386 5319 5319 5319 5319 5252 5252 5252 5252 5407 5407 5407 5407 5329 5329 5329 5329 5257 5257 5257 5257 5273 5273 5273 5273 5095 5095 5095 5095 5024 5024 5024 5024 5255 5255 5255 5255 5008 5008 5008 5008

 200000 200000 200000 200000 200000 200000 200000 200000 5017 5017 5017 5017 5262 5262 5262 5262 5189 5189 5189 5189 5386 5386 5386 5386 5319 5319 5319 5319 5252 5252 5252 5252 5407 5407 5407 5407 5329 5329 5329 5329 5257 5257 5257 5257 5273 5273 5273 5273 5085 5085 5085 5085 5109 5109 5109 5109 5078 5078 5078 5078 5238 5238 5238 5238 200000 200000 200000 200000 200000 200000 200000 200000 5017 5017 5017 5017 5262 5262 5262 5262 5189 5189 5189 5189 5386 5386 5386 5386 5319 5319 5319 5319 5252 5252 5252 5252 5407 5407 5407 5407 5329 5329 5329 5329 5257 5257 5257 5257 5273 5273 5273 5273 5085 5085 5085 5085 5109 5109 5109 5109 5078 5078 5078 5078 5238 5238 5238 5238
 0 0 0 0 0 0 0 0 5017 5017 5017 5017 5262 5262 5262 5262 5189 5189 5189 5189 5386 5386 5386 5386 5319 5319 5319 5319 5252 5252 5252 5252 5407 5407 5407 5407 5329 5329 5329 5329 5257 5257 5257 5257 5273 5273 5273 5273 5085 5085 5085 5085 5109 5109 5109 5109 5078 5078 5078 5078 5238 5238 5238 5238 0 0 0 0 0 0 0 0 5017 5017 5017 5017 5262 5262 5262 5262 5189 5189 5189 5189 5386 5386 5386 5386 5319 5319 5319 5319 5252 5252 5252 5252 5407 5407 5407 5407 5329 5329 5329 5329 5257 5257 5257 5257 5273 5273 5273 5273 5085 5085 5085 5085 5109 5109 5109 5109 5078 5078 5078 5078 5238 5238 5238 5238

 200000 200000 200000 200000 200000 200000 200000 200000 5017 5017 5017 5017 5262 5262 5262 5262 5189 5189 5189 5189 5386 5386 5386 5386 5319 5319 5319 5319 5252 5252 5252 5252 5407 5407 5407 5407 5329 5329 5329 5329 5257 5257 5257 5257 5273 5273 5273 5273 5022 5022 5022 5022 5186 5186 5186 5186 5258 5258 5258 5258 5049 5049 5049 5049 200000 200000 200000 200000 200000 200000 200000 200000 5017 5017 5017 5017 5262 5262 5262 5262 5189 5189 5189 5189 5386 5386 5386 5386 5319 5319 5319 5319 5252 5252 5252 5252 5407 5407 5407 5407 5329 5329 5329 5329 5257 5257 5257 5257 5273 5273 5273 5273 5022 5022 5022 5022 5186 5186 5186 5186 5258 5258 5258 5258 5049 5049 5049 5049
 0 0 0 0 0 0 0 0 5017 5017 5017 5017 5262 5262 5262 5262 5189 5189 5189 5189 5386 5386 5386 5386 5319 5319 5319 5319 5252 5252 5252 5252 5407 5407 5407 5407 5329 5329 5329 5329 5257 5257 5257 5257 5273 5273 5273 5273 5022 5022 5022 5022 5186 5186 5186 5186 5258 5258 5258 5258 5049 5049 5049 5049 0 0 0 0 0 0 0 0 5017 5017 5017 5017 5262 5262 5262 5262 5189 5189 5189 5189 5386 5386 5386 5386 5319 5319 5319 5319 5252 5252 5252 5252 5407 5407 5407 5407 5329 5329 5329 5329 5257 5257 5257 5257 5273 5273 5273 5273 5022 5022 5022 5022 5186 5186 5186 5186 5258 5258 5258 5258 5049 5049 5049 5049

 200000 200000 200000 200000 200000 200000 200000 200000 5017 5017 5017 5017 5262 5262 5262 5262 5189 5189 5189 5189 5386 5386 5386 5386 5319 5319 5319 5319 5252 5252 5252 5252 5407 5407 5407 5407 5329 5329 5329 5329 5257 5257 5257 5257 5273 5273 5273 5273 5445 5445 5445 5445 5372 5372 5372 5372 5018 5018 5018 5018 5139 5139 5139 5139 200000 200000 200000 200000 200000 200000 200000 200000 5017 5017 5017 5017 5262 5262 5262 5262 5189 5189 5189 5189 5386 5386 5386 5386 5319 5319 5319 5319 5252 5252 5252 5252 5407 5407 5407 5407 5329 5329 5329 5329 5257 5257 5257 5257 5273 5273 5273 5273 5445 5445 5445 5445 5372 5372 5372 5372 5018 5018 5018 5018 5139 5139 5139 5139
 0 0 0 0 0 0 0 0 5017 5017 5017 5017 5262 5262 5262 5262 5189 5189 5189 5189 5386 5386 5386 5386 5319 5319 5319 5319 5252 5252 5252 5252 5407 5407 5407 5407 5329 5329 5329 5329 5257 5257 5257 5257 5273 5273 5273 5273 5445 5445 5445 5445 5372 5372 5372 5372 5018 5018 5018 5018 5139 5139 5139 5139 0 0 0 0 0 0 0 0 5017 5017 5017 5017 5262 5262 5262 5262 5189 5189 5189 5189 5386 5386 5386 5386 5319 5319 5319 5319 5252 5252 5252 5252 5407 5407 5407 5407 5329 5329 5329 5329 5257 5257 5257 5257 5273 5273 5273 5273 5445 5445 5445 5445 5372 5372 5372 5372 5018 5018 5018 5018 5139 5139 5139 5139

 200000 200000 200000 200000 200000 200000 200000 200000 5017 5017 5017 5017 5262 5262 5262 5262 5189 5189 5189 5189 5386 5386 5386 5386 5319 5319 5319 5319 5252 5252 5252 5252 5407 5407 5407 5407 5329 5329 5329 5329 5257 5257 5257 5257 5273 5273 5273 5273 5174 5174 5174 5174 5248 5248 5248 5248 5150 5150 5150 5150 5090 5090 5090 5090 200000 200000 200000 200000 200000 200000 200000 200000 5017 5017 5017 5017 5262 5262 5262 5262 5189 5189 5189 5189 5386 5386 5386 5386 5319 5319 5319 5319 5252 5252 5252 5252 5407 5407 5407 5407 5329 5329 5329 5329 5257 5257 5257 5257 5273 5273 5273 5273 5174 5174 5174 5174 5248 5248 5248 5248 5150 5150 5150 5150 5090 5090 5090 5090
 0 0 0 0 0 0 0 0 5017 5017 5017 5017 5262 5262 5262 5262 5189 5189 5189 5189 5386 5386 5386 5386 5319 5319 5319 5319 5252 5252 5252 5252 5407 5407 5407 5407 5329 5329 5329 5329 5257 5257 5257 5257 5273 5273 5273 5273 5174 5174 5174 5174 5248 5248 5248 5248 5150 5150 5150 5150 5090 5090 5090 5090 0 0 0 0 0 0 0 0 5017 5017 5017 5017 5262 5262 5262 5262 5189 5189 5189 5189 5386 5386 5386 5386 5319 5319 5319 5319 5252 5252 5252 5252 5407 5407 5407 5407 5329 5329 5329 5329 5257 5257 5257 5257 5273 5273 5273 5273 5174 5174 5174 5174 5248 5248 5248 5248 5150 5150 5150 5150 5090 5090 5090 5090

 200000 200000 200000 200000 200000 200000 200000 200000 5017 5017 5017 5017 5262 5262 5262 5262 5189 5189 5189 5189 5386 5386 5386 5386 5319 5319 5319 5319 5252 5252 5252 5252 5407 5407 5407 5407 5329 5329 5329 5329 5257 5257 5257 5257 5273 5273 5273 5273 5303 5303 5303 5303 5049 5049 5049 5049 5349 5349 5349 5349 5496 5496 5496 5496 200000 200000 200000 200000 200000 200000 200000 200000 5017 5017 5017 5017 5262 5262 5262 5262 5189 5189 5189 5189 5386 5386 5386 5386 5319 5319 5319 5319 5252 5252 5252 5252 5407 5407 5407 5407 5329 5329 5329 5329 5257 5257 5257 5257 5273 5273 5273 5273 5303 5303 5303 5303 5049 5049 5049 5049 5349 5349 5349 5349 5496 5496 5496 5496
 0 0 0 0 0 0 0 0 5017 5017 5017 5017 5262 5262 5262 5262 5189 5189 5189 5189 5386 5386 5386 5386 5319 5319 5319 5319 5252 5252 5252 5252 5407 5407 5407 5407 5329 5329 5329 5329 5257 5257 5257 5257 5273 5273 5273 5273 5303 5303 5303 5303 5049 5049 5049 5049 5349 5349 5349 5349 5496 5496 5496 5496 0 0 0 0 0 0 0 0 5017 5017 5017 5017 5262 5262 5262 5262 5189 5189 5189 5189 5386 5386 5386 5386 5319 5319 5319 5319 5252 5252 5252 5252 5407 5407 5407 5407 5329 5329 5329 5329 5257 5257 5257 5257 5273 5273 5273 5273 5303 5303 5303 5303 5049 5049 5049 5049 5349 5349 5349 5349 5496 5496 5496 5496

 200000 200000 200000 200000 200000 200000 200000 200000 5017 5017 5017 5017 5262 5262 5262 5262 5189 5189 5189 5189 5386 5386 5386 5386 5319 5319 5319 5319 5252 5252 5252 5252 5407 5407 5407 5407 5329 5329 5329 5329 5257 5257 5257 5257 5273 5273 5273 5273 5057 5057 5057 5057 5095 5095 5095 5095 5126 5126 5126 5126 5490 5490 5490 5490 200000 200000 200000 200000 200000 200000 200000 200000 5017 5017 5017 5017 5262 5262 5262 5262 5189 5189 5189 5189 5386 5386 5386 5386 5319 5319 5319 5319 5252 5252 5252 5252 5407 5407 5407 5407 5329 5329 5329 5329 5257 5257 5257 5257 5273 5273 5273 5273 5057 5057 5057 5057 5095 5095 5095 5095 5126 5126 5126 5126 5490 5490 5490 5490
 0 0 0 0 0 0 0 0 5017 5017 5017 5017 5262 5262 5262 5262 5189 5189 5189 5189 5386 5386 5386 5386 5319 5319 5319 5319 5252 5252 5252 5252 5407 5407 5407 5407 5329 5329 5329 5329 5257 5257 5257 5257 5273 5273 5273 5273 5057 5057 5057 5057 5095 5095 5095 5095 5126 5126 5126 5126 5490 5490 5490 5490 0 0 0 0 0 0 0 0 5017 5017 5017 5017 5262 5262 5262 5262 5189 5189 5189 5189 5386 5386 5386 5386 5319 5319 5319 5319 5252 5252 5252 5252 5407 5407 5407 5407 5329 5329 5329 5329 5257 5257 5257 5257 5273 5273 5273 5273 5057 5057 5057 5057 5095 5095 5095 5095 5126 5126 5126 5126 5490 5490 5490 5490

 200000 200000 200000 200000 200000 200000 200000 200000 5017 5017 5017 5017 5262 5262 5262 5262 5189 5189 5189 5189 5386 5386 5386 5386 5319 5319 5319 5319 5252 5252 5252 5252 5407 5407 5407 5407 5329 5329 5329 5329 5257 5257 5257 5257 5273 5273 5273 5273 5463 5463 5463 5463 5491 5491 5491 5491 5080 5080 5080 5080 5127 5127 5127 5127 200000 200000 200000 200000 200000 200000 200000 200000 5017 5017 5017 5017 5262 5262 5262 5262 5189 5189 5189 5189 5386 5386 5386 5386 5319 5319 5319 5319 5252 5252 5252 5252 5407 5407 5407 5407 5329 5329 5329 5329 5257 5257 5257 5257 5273 5273 5273 5273 5463 5463 5463 5463 5491 5491 5491 5491 5080 5080 5080 5080 5127 5127 5127 5127
 0 0 0 0 0 0 0 0 5017 5017 5017 5017 5262 5262 5262 5262 5189 5189 5189 5189 5386 5386 5386 5386 5319 5319 5319 5319 5252 5252 5252 5252 5407 5407 5407 5407 5329 5329 5329 5329 5257 5257 5257 5257 5273 5273 5273 5273 5463 5463 5463 5463 5491 5491 5491 5491 5080 5080 5080 5080 5127 5127 5127 5127 0 0 0 0 0 0 0 0 5017 5017 5017 5017 5262 5262 5262 5262 5189 5189 5189 5189 5386 5386 5386 5386 5319 5319 5319 5319 5252 5252 5252 5252 5407 5407 5407 5407 5329 5329 5329 5329 5257 5257 5257 5257 5273 5273 5273 5273 5463 5463 5463 5463 5491 5491 5491 5491 5080 5080 5080 5080 5127 5127 5127 5127

 200000 200000 200000 200000 200000 200000 200000 200000 5017 5017 5017 5017 5262 5262 5262 5262 5189 5189 5189 5189 5386 5386 5386 5386 5319 5319 5319 5319 5252 5252 5252 5252 5407 5407 5407 5407 5329 5329 5329 5329 5257 5257 5257 5257 5273 5273 5273 5273 5161 5161 5161 5161 5063 5063 5063 5063 5008 5008 5008 5008 5396 5396 5396 5396 200000 200000 200000 200000 200000 200000 200000 200000 5017 5017 5017 5017 5262 5262 5262 5262 5189 5189 5189 5189 5386 5386 5386 5386 5319 5319 5319 5319 5252 5252 5252 5252 5407 5407 5407 5407 5329 5329 5329 5329 5257 5257 5257 5257 5273 5273 5273 5273 5161 5161 5161 5161 5063 5063 5063 5063 5008 5008 5008 5008 5396 5396 5396 5396
 0 0 0 0 0 0 0 0 5017 5017 5017 5017 5262 5262 5262 5262 5189 5189 5189 5189 5386 5386 5386 5386 5319 5319 5319 5319 5252 5252 5252 5252 5407 5407 5407 5407 5329 5329 5329 5329 5257 5257 5257 5257 5273 5273 5273 5273 5161 5161 5161 5161 5063 5063 5063 5063 5008 5008 5008 5008 5396 5396 5396 5396 0 0 0 0 0 0 0 0 5017 5017 5017 5017 5262 5262 5262 5262 5189 5189 5189 5189 5386 5386 5386 5386 5319 5319 5319 5319 5252 5252 5252 5252 5407 5407 5407 5407 5329 5329 5329 5329 5257 5257 5257 5257 5273 5273 5273 5273 5161 5161 5161 5161 5063 5063 5063 5063 5008 5008 5008 5008 5396 5396 5396 5396

 200000 200000 200000 200000 200000 200000 200000 200000 5017 5017 5017 5017 5262 5262 5262 5262 5189 5189 5189 5189 5386 5386 5386 5386 5319 5319 5319 5319 5252 5252 5252 5252 5407 5407 5407 5407 5329 5329 5329 5329 5257 5257 5257 5257 5273 5273 5273 5273 5367 5367 5367 5367 5282 5282 5282 5282 5284 5284 5284 5284 5161 5161 5161 5161 200000 200000 200000 200000 200000 200000 200000 200000 5017 5017 5017 5017 5262 5262 5262 5262 5189 5189 5189 5189 5386 5386 5386 5386 5319 5319 5319 5319 5252 5252 5252 5252 5407 5407 5407 5407 5329 5329 5329 5329 5257 5257 5257 5257 5273 5273 5273 5273 5367 5367 5367 5367 5282 5282 5282 5282 5284 5284 5284 5284 5161 5161 5161 5161
 0 0 0 0 0 0 0 0 5017 5017 5017 5017 5262 5262 5262 5262 5189 5189 5189 5189 5386 5386 5386 5386 5319 5319 5319 5319 5252 5252 5252 5252 5407 5407 5407 5407 5329 5329 5329 5329 5257 5257 5257 5257 5273 5273 5273 5273 5367 5367 5367 5367 5282 5282 5282 5282 5284 5284 5284 5284 5161 5161 5161 5161 0 0 0 0 0 0 0 0 5017 5017 5017 5017 5262 5262 5262 5262 5189 5189 5189 5189 5386 5386 5386 5386 5319 5319 5319 5319 5252 5252 5252 5252 5407 5407 5407 5407 5329 5329 5329 5329 5257 5257 5257 5257 5273 5273 5273 5273 5367 5367 5367 5367 5282 5282 5282 5282 5284 5284 5284 5284 5161 5161 5161 5161

 200000 200000 200000 200000 200000 200000 200000 200000 5017 5017 5017 5017 5262 5262 5262 5262 5189 5189 5189 5189 5386 5386 5386 5386 5319 5319 5319 5319 5252 5252 5252 5252 5407 5407 5407 5407 5329 5329 5329 5329 5257 5257 5257 5257 5273 5273 5273 5273 5435 5435 5435 5435 5342 5342 5342 5342 5395 5395 5395 5395 5312 5312 5312 5312 200000 200000 200000 200000 200000 200000 200000 200000 5017 5017 5017 5017 5262 5262 5262 5262 5189 5189 5189 5189 5386 5386 5386 5386 5319 5319 5319 5319 5252 5252 5252 5252 5407 5407 5407 5407 5329 5329 5329 5329 5257 5257 5257 5257 5273 5273 5273 5273 5435 5435 5435 5435 5342 5342 5342 5342 5395 5395 5395 5395 5312 5312 5312 5312
 0 0 0 0 0 0 0 0 5017 5017 5017 5017 5262 5262 5262 5262 5189 5189 5189 5189 5386 5386 5386 5386 5319 5319 5319 5319 5252 5252 5252 5252 5407 5407 5407 5407 5329 5329 5329 5329 5257 5257 5257 5257 5273 5273 5273 5273 5435 5435 5435 5435 5342 5342 5342 5342 5395 5395 5395 5395 5312 5312 5312 5312 0 0 0 0 0 0 0 0 5017 5017 5017 5017 5262 5262 5262 5262 5189 5189 5189 5189 5386 5386 5386 5386 5319 5319 5319 5319 5252 5252 5252 5252 5407 5407 5407 5407 5329 5329 5329 5329 5257 5257 5257 5257 5273 5273 5273 5273 5435 5435 5435 5435 5342 5342 5342 5342 5395 5395 5395 5395 5312 5312 5312 5312

 200000 200000 200000 200000 200000 200000 200000 200000 5017 5017 5017 5017 5262 5262 5262 5262 5189 5189 5189 5189 5386 5386 5386 5386 5319 5319 5319 5319 5252 5252 5252 5252 5407 5407 5407 5407 5329 5329 5329 5329 5257 5257 5257 5257 5273 5273 5273 5273 5143 5143 5143 5143 5471 5471 5471 5471 5426 5426 5426 5426 5331 5331 5331 5331 200000 200000 200000 200000 200000 200000 200000 200000 5017 5017 5017 5017 5262 5262 5262 5262 5189 5189 5189 5189 5386 5386 5386 5386 5319 5319 5319 5319 5252 5252 5252 5252 5407 5407 5407 5407 5329 5329 5329 5329 5257 5257 5257 5257 5273 5273 5273 5273 5143 5143 5143 5143 5471 5471 5471 5471 5426 5426 5426 5426 5331 5331 5331 5331
 0 0 0 0 0 0 0 0 5017 5017 5017 5017 5262 5262 5262 5262 5189 5189 5189 5189 5386 5386 5386 5386 5319 5319 5319 5319 5252 5252 5252 5252 5407 5407 5407 5407 5329 5329 5329 5329 5257 5257 5257 5257 5273 5273 5273 5273 5143 5143 5143 5143 5471 5471 5471 5471 5426 5426 5426 5426 5331 5331 5331 5331 0 0 0 0 0 0 0 0 5017 5017 5017 5017 5262 5262 5262 5262 5189 5189 5189 5189 5386 5386 5386 5386 5319 5319 5319 5319 5252 5252 5252 5252 5407 5407 5407 5407 5329 5329 5329 5329 5257 5257 5257 5257 5273 5273 5273 5273 5143 5143 5143 5143 5471 5471 5471 5471 5426 5426 5426 5426 5331 5331 5331 5331

 200000 200000 200000 200000 200000 200000 200000 200000 5017 5017 5017 5017 5262 5262 5262 5262 5189 5189 5189 5189 5386 5386 5386 5386 5319 5319 5319 5319 5252 5252 5252 5252 5407 5407 5407 5407 5329 5329 5329 5329 5257 5257 5257 5257 5273 5273 5273 5273 5480 5480 5480 5480 5319 5319 5319 5319 5077 5077 5077 5077 5244 5244 5244 5244 200000 200000 200000 200000 200000 200000 200000 200000 5017 5017 5017 5017 5262 5262 5262 5262 5189 5189 5189 5189 5386 5386 5386 5386 5319 5319 5319 5319 5252 5252 5252 5252 5407 5407 5407 5407 5329 5329 5329 5329 5257 5257 5257 5257 5273 5273 5273 5273 5480 5480 5480 5480 5319 5319 5319 5319 5077 5077 5077 5077 5244 5244 5244 5244
 0 0 0 0 0 0 0 0 5017 5017 5017 5017 5262 5262 5262 5262 5189 5189 5189 5189 5386 5386 5386 5386 5319 5319 5319 5319 5252 5252 5252 5252 5407 5407 5407 5407 5329 5329 5329 5329 5257 5257 5257 5257 5273 5273 5273 5273 5480 5480 5480 5480 5319 5319 5319 5319 5077 5077 5077 5077 5244 5244 5244 5244 0 0 0 0 0 0 0 0 5017 5017 5017 5017 5262 5262 5262 5262 5189 5189 5189 5189 5386 5386 5386 5386 5319 5319 5319 5319 5252 5252 5252 5252 5407 5407 5407 5407 5329 5329 5329 5329 5257 5257 5257 5257 5273 5273 5273 5273 5480 5480 5480 5480 5319 5319 5319 5319 5077 5077 5077 5077 5244 5244 5244 5244

 200000 200000 200000 200000 200000 200000 200000 200000 5017 5017 5017 5017 5262 5262 5262 5262 5189 5189 5189 5189 5386 5386 5386 5386 5319 5319 5319 5319 5252 5252 5252 5252 5407 5407 5407 5407 5329 5329 5329 5329 5257 5257 5257 5257 5273 5273 5273 5273 5192 5192 5192 5192 5492 5492 5492 5492 5392 5392 5392 5392 5051 5051 5051 5051 200000 200000 200000 200000 200000 200000 200000 200000 5017 5017 5017 5017 5262 5262 5262 5262 5189 5189 5189 5189 5386 5386 5386 5386 5319 5319 5319 5319 5252 5252 5252 5252 5407 5407 5407 5407 5329 5329 5329 5329 5257 5257 5257 5257 5273 5273 5273 5273 5192 5192 5192 5192 5492 5492 5492 5492 5392 5392 5392 5392 5051 5051 5051 5051
 0 0 0 0 0 0 0 0 5017 5017 5017 5017 5262 5262 5262 5262 5189 5189 5189 5189 5386 5386 5386 5386 5319 5319 5319 5319 5252 5252 5252 5252 5407 5407 5407 5407 5329 5329 5329 5329 5257 5257 5257 5257 5273 5273 5273 5273 5192 5192 5192 5192 5492 5492 5492 5492 5392 5392 5392 5392 5051 5051 5051 5051 0 0 0 0 0 0 0 0 5017 5017 5017 5017 5262 5262 5262 5262 5189 5189 5189 5189 5386 5386 5386 5386 5319 5319 5319 5319 5252 5252 5252 5252 5407 5407 5407 5407 5329 5329 5329 5329 5257 5257 5257 5257 5273 5273 5273 5273 5192 5192 5192 5192 5492 5492 5492 5492 5392 5392 5392 5392 5051 5051 5051 5051

 200000 200000 200000 200000 200000 200000 200000 200000 5017 5017 5017 5017 5262 5262 5262 5262 5189 5189 5189 5189 5386 5386 5386 5386 5319 5319 5319 5319 5252 5252 5252 5252 5407 5407 5407 5407 5329 5329 5329 5329 5257 5257 5257 5257 5273 5273 5273 5273 5464 5464 5464 5464 5196 5196 5196 5196 5405 5405 5405 5405 5122 5122 5122 5122 200000 200000 200000 200000 200000 200000 200000 200000 5017 5017 5017 5017 5262 5262 5262 5262 5189 5189 5189 5189 5386 5386 5386 5386 5319 5319 5319 5319 5252 5252 5252 5252 5407 5407 5407 5407 5329 5329 5329 5329 5257 5257 5257 5257 5273 5273 5273 5273 5464 5464 5464 5464 5196 5196 5196 5196 5405 5405 5405 5405 5122 5122 5122 5122
 0 0 0 0 0 0 0 0 5017 5017 5017 5017 5262 5262 5262 5262 5189 5189 5189 5189 5386 5386 5386 5386 5319 5319 5319 5319 5252 5252 5252 5252 5407 5407 5407 5407 5329 5329 5329 5329 5257 5257 5257 5257 5273 5273 5273 5273 5464 5464 5464 5464 5196 5196 5196 5196 5405 5405 5405 5405 5122 5122 5122 5122 0 0 0 0 0 0 0 0 5017 5017 5017 5017 5262 5262 5262 5262 5189 5189 5189 5189 5386 5386 5386 5386 5319 5319 5319 5319 5252 5252 5252 5252 5407 5407 5407 5407 5329 5329 5329 5329 5257 5257 5257 5257 5273 5273 5273 5273 5464 5464 5464 5464 5196 5196 5196 5196 5405 5405 5405 5405 5122 5122 5122 5122

 200000 200000 200000 200000 200000 200000 200000 200000 5017 5017 5017 5017 5262 5262 5262 5262 5189 5189 5189 5189 5386 5386 5386 5386 5319 5319 5319 5319 5252 5252 5252 5252 5407 5407 5407 5407 5329 5329 5329 5329 5257 5257 5257 5257 5273 5273 5273 5273 5087 5087 5087 5087 5019 5019 5019 5019 5238 5238 5238 5238 5340 5340 5340 5340 200000 200000 200000 200000 200000 200000 200000 200000 5017 5017 5017 5017 5262 5262 5262 5262 5189 5189 5189 5189 5386 5386 5386 5386 5319 5319 5319 5319 5252 5252 5252 5252 5407 5407 5407 5407 5329 5329 5329 5329 5257 5257 5257 5257 5273 5273 5273 5273 5087 5087 5087 5087 5019 5019 5019 5019 5238 5238 5238 5238 5340 5340 5340 5340
 0 0 0 0 0 0 0 0 5017 5017 5017 5017 5262 5262 5262 5262 5189 5189 5189 5189 5386 5386 5386 5386 5319 5319 5319 5319 5252 5252 5252 5252 5407 5407 5407 5407 5329 5329 5329 5329 5257 5257 5257 5257 5273 5273 5273 5273 5087 5087 5087 5087 5019 5019 5019 5019 5238 5238 5238 5238 5340 5340 5340 5340 0 0 0 0 0 0 0 0 5017 5017 5017 5017 5262 5262 5262 5262 5189 5189 5189 5189 5386 5386 5386 5386 5319 5319 5319 5319 5252 5252 5252 5252 5407 5407 5407 5407 5329 5329 5329 5329 5257 5257 5257 5257 5273 5273 5273 5273 5087 5087 5087 5087 5019 5019 5019 5019 5238 5238 5238 5238 5340 5340 5340 5340

 200000 200000 200000 200000 200000 200000 200000 200000 5017 5017 5017 5017 5262 5262 5262 5262 5189 5189 5189 5189 5386 5386 5386 5386 5319 5319 5319 5319 5252 5252 5252 5252 5407 5407 5407 5407 5329 5329 5329 5329 5257 5257 5257 5257 5273 5273 5273 5273 5379 5379 5379 5379 5268 5268 5268 5268 5433 5433 5433 5433 5408 5408 5408 5408 200000 200000 200000 200000 200000 200000 200000 200000 5017 5017 5017 5017 5262 5262 5262 5262 5189 5189 5189 5189 5386 5386 5386 5386 5319 5319 5319 5319 5252 5252 5252 5252 5407 5407 5407 5407 5329 5329 5329 5329 5257 5257 5257 5257 5273 5273 5273 5273 5379 5379 5379 5379 5268 5268 5268 5268 5433 5433 5433 5433 5408 5408 5408 5408
 0 0 0 0 0 0 0 0 5017 5017 5017 5017 5262 5262 5262 5262 5189 5189 5189 5189 5386 5386 5386 5386 5319 5319 5319 5319 5252 5252 5252 5252 5407 5407 5407 5407 5329 5329 5329 5329 5257 5257 5257 5257 5273 5273 5273 5273 5379 5379 5379 5379 5268 5268 5268 5268 5433 5433 5433 5433 5408 5408 5408 5408 0 0 0 0 0 0 0 0 5017 5017 5017 5017 5262 5262 5262 5262 5189 5189 5189 5189 5386 5386 5386 5386 5319 5319 5319 5319 5252 5252 5252 5252 5407 5407 5407 5407 5329 5329 5329 5329 5257 5257 5257 5257 5273 5273 5273 5273 5379 5379 5379 5379 5268 5268 5268 5268 5433 5433 5433 5433 5408 5408 5408 5408

 200000 200000 200000 200000 200000 200000 200000 200000 5017 5017 5017 5017 5262 5262 5262 5262 5189 5189 5189 5189 5386 5386 5386 5386 5319 5319 5319 5319 5252 5252 5252 5252 5407 5407 5407 5407 5329 5329 5329 5329 5257 5257 5257 5257 5273 5273 5273 5273 5460 5460 5460 5460 5203 5203 5203 5203 5262 5262 5262 5262 5413 5413 5413 5413 200000 200000 200000 200000 200000 200000 200000 200000 5017 5017 5017 5017 5262 5262 5262 5262 5189 5189 5189 5189 5386 5386 5386 5386 5319 5319 5319 5319 5252 5252 5252 5252 5407 5407 5407 5407 5329 5329 5329 5329 5257 5257 5257 5257 5273 5273 5273 5273 5460 5460 5460 5460 5203 5203 5203 5203 5262 5262 5262 5262 5413 5413 5413 5413
 0 0 0 0 0 0 0 0 5017 5017 5017 5017 5262 5262 5262 5262 5189 5189 5189 5189 5386 5386 5386 5386 5319 5319 5319 5319 5252 5252 5252 5252 5407 5407 5407 5407 5329 5329 5329 5329 5257 5257 5257 5257 5273 5273 5273 5273 5460 5460 5460 5460 5203 5203 5203 5203 5262 5262 5262 5262 5413 5413 5413 5413 0 0 0 0 0 0 0 0 5017 5017 5017 5017 5262 5262 5262 5262 5189 5189 5189 5189 5386 5386 5386 5386 5319 5319 5319 5319 5252 5252 5252 5252 5407 5407 5407 5407 5329 5329 5329 5329 5257 5257 5257 5257 5273 5273 5273 5273 5460 5460 5460 5460 5203 5203 5203 5203 5262 5262 5262 5262 5413 5413 5413 5413

 200000 200000 200000 200000 200000 200000 200000 200000 5017 5017 5017 5017 5262 5262 5262 5262 5189 5189 5189 5189 5386 5386 5386 5386 5319 5319 5319 5319 5252 5252 5252 5252 5252 5252 5252 5252 5451 5451 5451 5451 5257 5257 5257 5257 5273 5273 5273 5273 5412 5412 5412 5412 5017 5017 5017 5017 5342 5342 5342 5342 5009 5009 5009 5009 200000 200000 200000 200000 200000 200000 200000 200000 5017 5017 5017 5017 5262 5262 5262 5262 5189 5189 5189 5189 5386 5386 5386 5386 5319 5319 5319 5319 5252 5252 5252 5252 5252 5252 5252 5252 5451 5451 5451 5451 5257 5257 5257 5257 5273 5273 5273 5273 5412 5412 5412 5412 5017 5017 5017 5017 5342 5342 5342 5342 5009 5009 5009 5009
 0 0 0 0 0 0 0 0 5017 5017 5017 5017 5262 5262 5262 5262 5189 5189 5189 5189 5386 5386 5386 5386 5319 5319 5319 5319 5252 5252 5252 5252 5252 5252 5252 5252 5451 5451 5451 5451 5257 5257 5257 5257 5273 5273 5273 5273 5412 5412 5412 5412 5017 5017 5017 5017 5342 5342 5342 5342 5009 5009 5009 5009 0 0 0 0 0 0 0 0 5017 5017 5017 5017 5262 5262 5262 5262 5189 5189 5189 5189 5386 5386 5386 5386 5319 5319 5319 5319 5252 5252 5252 5252 5252 5252 5252 5252 5451 5451 5451 5451 5257 5257 5257 5257 5273 5273 5273 5273 5412 5412 5412 5412 5017 5017 5017 5017 5342 5342 5342 5342 5009 5009 5009 5009

 200000 200000 200000 200000 200000 200000 200000 200000 5017 5017 5017 5017 5262 5262 5262 5262 5189 5189 5189 5189 5386 5386 5386 5386 5319 5319 5319 5319 5252 5252 5252 5252 5160 5160 5160 5160 5387 5387 5387 5387 5255 5255 5255 5255 5199 5199 5199 5199 5326 5326 5326 5326 5485 5485 5485 5485 5441 5441 5441 5441 5235 5235 5235 5235 200000 200000 200000 200000 200000 200000 200000 200000 5017 5017 5017 5017 5262 5262 5262 5262 5189 5189 5189 5189 5386 5386 5386 5386 5319 5319 5319 5319 5252 5252 5252 5252 5160 5160 5160 5160 5387 5387 5387 5387 5255 5255 5255 5255 5199 5199 5199 5199 5326 5326 5326 5326 5485 5485 5485 5485 5441 5441 5441 5441 5235 5235 5235 5235
 0 0 0 0 0 0 0 0 5017 5017 5017 5017 5262 5262 5262 5262 5189 5189 5189 5189 5386 5386 5386 5386 5319 5319 5319 5319 5252 5252 5252 5252 5160 5160 5160 5160 5387 5387 5387 5387 5255 5255 5255 5255 5199 5199 5199 5199 5326 5326 5326 5326 5485 5485 5485 5485 5441 5441 5441 5441 5235 5235 5235 5235 0 0 0 0 0 0 0 0 5017 5017 5017 5017 5262 5262 5262 5262 5189 5189 5189 5189 5386 5386 5386 5386 5319 5319 5319 5319 5252 5252 5252 5252 5160 5160 5160 5160 5387 5387 5387 5387 5255 5255 5255 5255 5199 5199 5199 5199 5326 5326 5326 5326 5485 5485 5485 5485 5441 5441 5441 5441 5235 5235 5235 5235

 200000 200000 200000 200000 200000 200000 200000 200000 5017 5017 5017 5017 5262 5262 5262 5262 5189 5189 5189 5189 5386 5386 5386 5386 5319 5319 5319 5319 5252 5252 5252 5252 5071 5071 5071 5071 5045 5045 5045 5045 5176 5176 5176 5176 5416 5416 5416 5416 5399 5399 5399 5399 5363 5363 5363 5363 5479 5479 5479 5479 5426 5426 5426 5426 200000 200000 200000 200000 200000 200000 200000 200000 5017 5017 5017 5017 5262 5262 5262 5262 5189 5189 5189 5189 5386 5386 5386 5386 5319 5319 5319 5319 5252 5252 5252 5252 5071 5071 5071 5071 5045 5045 5045 5045 5176 5176 5176 5176 5416 5416 5416 5416 5399 5399 5399 5399 5363 5363 5363 5363 5479 5479 5479 5479 5426 5426 5426 5426
 0 0 0 0 0 0 0 0 5017 5017 5017 5017 5262 5262 5262 5262 5189 5189 5189 5189 5386 5386 5386 5386 5319 5319 5319 5319 5252 5252 5252 5252 5071 5071 5071 5071 5045 5045 5045 5045 5176 5176 5176 5176 5416 5416 5416 5416 5399 5399 5399 5399 5363 5363 5363 5363 5479 5479 5479 5479 5426 5426 5426 5426 0 0 0 0 0 0 0 0 5017 5017 5017 5017 5262 5262 5262 5262 5189 5189 5189 5189 5386 5386 5386 5386 5319 5319 5319 5319 5252 5252 5252 5252 5071 5071 5071 5071 5045 5045 5045 5045 5176 5176 5176 5176 5416 5416 5416 5416 5399 5399 5399 5399 5363 5363 5363 5363 5479 5479 5479 5479 5426 5426 5426 5426

 200000 200000 200000 200000 200000 200000 200000 200000 5017 5017 5017 5017 5262 5262 5262 5262 5189 5189 5189 5189 5386 5386 5386 5386 5319 5319 5319 5319 5252 5252 5252 5252 5025 5025 5025 5025 5332 5332 5332 5332 5348 5348 5348 5348 5287 5287 5287 5287 5094 5094 5094 5094 5062 5062 5062 5062 5074 5074 5074 5074 5156 5156 5156 5156 200000 200000 200000 200000 200000 200000 200000 200000 5017 5017 5017 5017 5262 5262 5262 5262 5189 5189 5189 5189 5386 5386 5386 5386 5319 5319 5319 5319 5252 5252 5252 5252 5025 5025 5025 5025 5332 5332 5332 5332 5348 5348 5348 5348 5287 5287 5287 5287 5094 5094 5094 5094 5062 5062 5062 5062 5074 5074 5074 5074 5156 5156 5156 5156
 0 0 0 0 0 0 0 0 5017 5017 5017 5017 5262 5262 5262 5262 5189 5189 5189 5189 5386 5386 5386 5386 5319 5319 5319 5319 5252 5252 5252 5252 5025 5025 5025 5025 5332 5332 5332 5332 5348 5348 5348 5348 5287 5287 5287 5287 5094 5094 5094 5094 5062 5062 5062 5062 5074 5074 5074 5074 5156 5156 5156 5156 0 0 0 0 0 0 0 0 5017 5017 5017 5017 5262 5262 5262 5262 5189 5189 5189 5189 5386 5386 5386 5386 5319 5319 5319 5319 5252 5252 5252 5252 5025 5025 5025 5025 5332 5332 5332 5332 5348 5348 5348 5348 5287 5287 5287 5287 5094 5094 5094 5094 5062 5062 5062 5062 5074 5074 5074 5074 5156 5156 5156 5156

 200000 200000 200000 200000 200000 200000 200000 200000 5017 5017 5017 5017 5262 5262 5262 5262 5189 5189 5189 5189 5386 5386 5386 5386 5319 5319 5319 5319 5252 5252 5252 5252 5284 5284 5284 5284 5170 5170 5170 5170 5152 5152 5152 5152 5345 5345 5345 5345 5340 5340 5340 5340 5418 5418 5418 5418 5391 5391 5391 5391 5026 5026 5026 5026 200000 200000 200000 200000 200000 200000 200000 200000 5017 5017 5017 5017 5262 5262 5262 5262 5189 5189 5189 5189 5386 5386 5386 5386 5319 5319 5319 5319 5252 5252 5252 5252 5284 5284 5284 5284 5170 5170 5170 5170 5152 5152 5152 5152 5345 5345 5345 5345 5340 5340 5340 5340 5418 5418 5418 5418 5391 5391 5391 5391 5026 5026 5026 5026
 0 0 0 0 0 0 0 0 5017 5017 5017 5017 5262 5262 5262 5262 5189 5189 5189 5189 5386 5386 5386 5386 5319 5319 5319 5319 5252 5252 5252 5252 5284 5284 5284 5284 5170 5170 5170 5170 5152 5152 5152 5152 5345 5345 5345 5345 5340 5340 5340 5340 5418 5418 5418 5418 5391 5391 5391 5391 5026 5026 5026 5026 0 0 0 0 0 0 0 0 5017 5017 5017 5017 5262 5262 5262 5262 5189 5189 5189 5189 5386 5386 5386 5386 5319 5319 5319 5319 5252 5252 5252 5252 5284 5284 5284 5284 5170 5170 5170 5170 5152 5152 5152 5152 5345 5345 5345 5345 5340 5340 5340 5340 5418 5418 5418 5418 5391 5391 5391 5391 5026 5026 5026 5026

 200000 200000 200000 200000 200000 200000 200000 200000 5017 5017 5017 5017 5262 5262 5262 5262 5189 5189 5189 5189 5386 5386 5386 5386 5319 5319 5319 5319 5252 5252 5252 5252 5221 5221 5221 5221 5306 5306 5306 5306 5496 5496 5496 5496 5131 5131 5131 5131 5026 5026 5026 5026 5285 5285 5285 5285 5309 5309 5309 5309 5002 5002 5002 5002 200000 200000 200000 200000 200000 200000 200000 200000 5017 5017 5017 5017 5262 5262 5262 5262 5189 5189 5189 5189 5386 5386 5386 5386 5319 5319 5319 5319 5252 5252 5252 5252 5221 5221 5221 5221 5306 5306 5306 5306 5496 5496 5496 5496 5131 5131 5131 5131 5026 5026 5026 5026 5285 5285 5285 5285 5309 5309 5309 5309 5002 5002 5002 5002
 0 0 0 0 0 0 0 0 5017 5017 5017 5017 5262 5262 5262 5262 5189 5189 5189 5189 5386 5386 5386 5386 5319 5319 5319 5319 5252 5252 5252 5252 5221 5221 5221 5221 5306 5306 5306 5306 5496 5496 5496 5496 5131 5131 5131 5131 5026 5026 5026 5026 5285 5285 5285 5285 5309 5309 5309 5309 5002 5002 5002 5002 0 0 0 0 0 0 0 0 5017 5017 5017 5017 5262 5262 5262 5262 5189 5189 5189 5189 5386 5386 5386 5386 5319 5319 5319 5319 5252 5252 5252 5252 5221 5221 5221 5221 5306 5306 5306 5306 5496 5496 5496 5496 5131 5131 5131 5131 5026 5026 5026 5026 5285 5285 5285 5285 5309 5309 5309 5309 5002 5002 5002 5002

 200000 200000 200000 200000 200000 200000 200000 200000 5017 5017 5017 5017 5262 5262 5262 5262 5189 5189 5189 5189 5386 5386 5386 5386 5319 5319 5319 5319 5252 5252 5252 5252 5051 5051 5051 5051 5097 5097 5097 5097 5386 5386 5386 5386 5438 5438 5438 5438 5495 5495 5495 5495 5441 5441 5441 5441 5174 5174 5174 5174 5023 5023 5023 5023 200000 200000 200000 200000 200000 200000 200000 200000 5017 5017 5017 5017 5262 5262 5262 5262 5189 5189 5189 5189 5386 5386 5386 5386 5319 5319 5319 5319 5252 5252 5252 5252 5051 5051 5051 5051 5097 5097 5097 5097 5386 5386 5386 5386 5438 5438 5438 5438 5495 5495 5495 5495 5441 5441 5441 5441 5174 5174 5174 5174 5023 5023 5023 5023
 0 0 0 0 0 0 0 0 5017 5017 5017 5017 5262 5262 5262 5262 5189 5189 5189 5189 5386 5386 5386 5386 5319 5319 5319 5319 5252 5252 5252 5252 5051 5051 5051 5051 5097 5097 5097 5097 5386 5386 5386 5386 5438 5438 5438 5438 5495 5495 5495 5495 5441 5441 5441 5441 5174 5174 5174 5174 5023 5023 5023 5023 0 0 0 0 0 0 0 0 5017 5017 5017 5017 5262 5262 5262 5262 5189 5189 5189 5189 5386 5386 5386 5386 5319 5319 5319 5319 5252 5252 5252 5252 5051 5051 5051 5051 5097 5097 5097 5097 5386 5386 5386 5386 5438 5438 5438 5438 5495 5495 5495 5495 5441 5441 5441 5441 5174 5174 5174 5174 5023 5023 5023 5023

 200000 200000 200000 200000 200000 200000 200000 200000 5017 5017 5017 5017 5262 5262 5262 5262 5189 5189 5189 5189 5386 5386 5386 5386 5319 5319 5319 5319 5252 5252 5252 5252 5433 5433 5433 5433 5411 5411 5411 5411 5467 5467 5467 5467 5409 5409 5409 5409 5327 5327 5327 5327 5134 5134 5134 5134 5184 5184 5184 5184 5317 5317 5317 5317 200000 200000 200000 200000 200000 200000 200000 200000 5017 5017 5017 5017 5262 5262 5262 5262 5189 5189 5189 5189 5386 5386 5386 5386 5319 5319 5319 5319 5252 5252 5252 5252 5433 5433 5433 5433 5411 5411 5411 5411 5467 5467 5467 5467 5409 5409 5409 5409 5327 5327 5327 5327 5134 5134 5134 5134 5184 5184 5184 5184 5317 5317 5317 5317
 0 0 0 0 0 0 0 0 5017 5017 5017 5017 5262 5262 5262 5262 5189 5189 5189 5189 5386 5386 5386 5386 5319 5319 5319 5319 5252 5252 5252 5252 5433 5433 5433 5433 5411 5411 5411 5411 5467 5467 5467 5467 5409 5409 5409 5409 5327 5327 5327 5327 5134 5134 5134 5134 5184 5184 5184 5184 5317 5317 5317 5317 0 0 0 0 0 0 0 0 5017 5017 5017 5017 5262 5262 5262 5262 5189 5189 5189 5189 5386 5386 5386 5386 5319 5319 5319 5319 5252 5252 5252 5252 5433 5433 5433 5433 5411 5411 5411 5411 5467 5467 5467 5467 5409 5409 5409 5409 5327 5327 5327 5327 5134 5134 5134 5134 5184 5184 5184 5184 5317 5317 5317 5317

 200000 200000 200000 200000 200000 200000 200000 200000 5017 5017 5017 5017 5262 5262 5262 5262 5189 5189 5189 5189 5386 5386 5386 5386 5319 5319 5319 5319 5252 5252 5252 5252 5052 5052 5052 5052 5334 5334 5334 5334 5329 5329 5329 5329 5328 5328 5328 5328 5059 5059 5059 5059 5415 5415 5415 5415 5393 5393 5393 5393 5301 5301 5301 5301 200000 200000 200000 200000 200000 200000 200000 200000 5017 5017 5017 5017 5262 5262 5262 5262 5189 5189 5189 5189 5386 5386 5386 5386 5319 5319 5319 5319 5252 5252 5252 5252 5052 5052 5052 5052 5334 5334 5334 5334 5329 5329 5329 5329 5328 5328 5328 5328 5059 5059 5059 5059 5415 5415 5415 5415 5393 5393 5393 5393 5301 5301 5301 5301
 0 0 0 0 0 0 0 0 5017 5017 5017 5017 5262 5262 5262 5262 5189 5189 5189 5189 5386 5386 5386 5386 5319 5319 5319 5319 5252 5252 5252 5252 5052 5052 5052 5052 5334 5334 5334 5334 5329 5329 5329 5329 5328 5328 5328 5328 5059 5059 5059 5059 5415 5415 5415 5415 5393 5393 5393 5393 5301 5301 5301 5301 0 0 0 0 0 0 0 0 5017 5017 5017 5017 5262 5262 5262 5262 5189 5189 5189 5189 5386 5386 5386 5386 5319 5319 5319 5319 5252 5252 5252 5252 5052 5052 5052 5052 5334 5334 5334 5334 5329 5329 5329 5329 5328 5328 5328 5328 5059 5059 5059 5059 5415 5415 5415 5415 5393 5393 5393 5393 5301 5301 5301 5301

 200000 200000 200000 200000 200000 200000 200000 200000 5017 5017 5017 5017 5262 5262 5262 5262 5189 5189 5189 5189 5386 5386 5386 5386 5319 5319 5319 5319 5252 5252 5252 5252 5028 5028 5028 5028 5475 5475 5475 5475 5172 5172 5172 5172 5370 5370 5370 5370 5236 5236 5236 5236 5058 5058 5058 5058 5414 5414 5414 5414 5395 5395 5395 5395 200000 200000 200000 200000 200000 200000 200000 200000 5017 5017 5017 5017 5262 5262 5262 5262 5189 5189 5189 5189 5386 5386 5386 5386 5319 5319 5319 5319 5252 5252 5252 5252 5028 5028 5028 5028 5475 5475 5475 5475 5172 5172 5172 5172 5370 5370 5370 5370 5236 5236 5236 5236 5058 5058 5058 5058 5414 5414 5414 5414 5395 5395 5395 5395
 0 0 0 0 0 0 0 0 5017 5017 5017 5017 5262 5262 5262 5262 5189 5189 5189 5189 5386 5386 5386 5386 5319 5319 5319 5319 5252 5252 5252 5252 5028 5028 5028 5028 5475 5475 5475 5475 5172 5172 5172 5172 5370 5370 5370 5370 5236 5236 5236 5236 5058 5058 5058 5058 5414 5414 5414 5414 5395 5395 5395 5395 0 0 0 0 0 0 0 0 5017 5017 5017 5017 5262 5262 5262 5262 5189 5189 5189 5189 5386 5386 5386 5386 5319 5319 5319 5319 5252 5252 5252 5252 5028 5028 5028 5028 5475 5475 5475 5475 5172 5172 5172 5172 5370 5370 5370 5370 5236 5236 5236 5236 5058 5058 5058 5058 5414 5414 5414 5414 5395 5395 5395 5395

 200000 200000 200000 200000 200000 200000 200000 200000 5017 5017 5017 5017 5262 5262 5262 5262 5189 5189 5189 5189 5386 5386 5386 5386 5319 5319 5319 5319 5252 5252 5252 5252 5063 5063 5063 5063 5196 5196 5196 5196 5453 5453 5453 5453 5320 5320 5320 5320 5028 5028 5028 5028 5316 5316 5316 5316 5256 5256 5256 5256 5375 5375 5375 5375 200000 200000 200000 200000 200000 200000 200000 200000 5017 5017 5017 5017 5262 5262 5262 5262 5189 5189 5189 5189 5386 5386 5386 5386 5319 5319 5319 5319 5252 5252 5252 5252 5063 5063 5063 5063 5196 5196 5196 5196 5453 5453 5453 5453 5320 5320 5320 5320 5028 5028 5028 5028 5316 5316 5316 5316 5256 5256 5256 5256 5375 5375 5375 5375
 0 0 0 0 0 0 0 0 5017 5017 5017 5017 5262 5262 5262 5262 5189 5189 5189 5189 5386 5386 5386 5386 5319 5319 5319 5319 5252 5252 5252 5252 5063 5063 5063 5063 5196 5196 5196 5196 5453 5453 5453 5453 5320 5320 5320 5320 5028 5028 5028 5028 5316 5316 5316 5316 5256 5256 5256 5256 5375 5375 5375 5375 0 0 0 0 0 0 0 0 5017 5017 5017 5017 5262 5262 5262 5262 5189 5189 5189 5189 5386 5386 5386 5386 5319 5319 5319 5319 5252 5252 5252 5252 5063 5063 5063 5063 5196 5196 5196 5196 5453 5453 5453 5453 5320 5320 5320 5320 5028 5028 5028 5028 5316 5316 5316 5316 5256 5256 5256 5256 5375 5375 5375 5375

 200000 200000 200000 200000 200000 200000 200000 200000 5017 5017 5017 5017 5262 5262 5262 5262 5189 5189 5189 5189 5386 5386 5386 5386 5319 5319 5319 5319 5252 5252 5252 5252 5400 5400 5400 5400 5047 5047 5047 5047 5318 5318 5318 5318 5058 5058 5058 5058 5279 5279 5279 5279 5300 5300 5300 5300 5243 5243 5243 5243 5118 5118 5118 5118 200000 200000 200000 200000 200000 200000 200000 200000 5017 5017 5017 5017 5262 5262 5262 5262 5189 5189 5189 5189 5386 5386 5386 5386 5319 5319 5319 5319 5252 5252 5252 5252 5400 5400 5400 5400 5047 5047 5047 5047 5318 5318 5318 5318 5058 5058 5058 5058 5279 5279 5279 5279 5300 5300 5300 5300 5243 5243 5243 5243 5118 5118 5118 5118
 0 0 0 0 0 0 0 0 5017 5017 5017 5017 5262 5262 5262 5262 5189 5189 5189 5189 5386 5386 5386 5386 5319 5319 5319 5319 5252 5252 5252 5252 5400 5400 5400 5400 5047 5047 5047 5047 5318 5318 5318 5318 5058 5058 5058 5058 5279 5279 5279 5279 5300 5300 5300 5300 5243 5243 5243 5243 5118 5118 5118 5118 0 0 0 0 0 0 0 0 5017 5017 5017 5017 5262 5262 5262 5262 5189 5189 5189 5189 5386 5386 5386 5386 5319 5319 5319 5319 5252 5252 5252 5252 5400 5400 5400 5400 5047 5047 5047 5047 5318 5318 5318 5318 5058 5058 5058 5058 5279 5279 5279 5279 5300 5300 5300 5300 5243 5243 5243 5243 5118 5118 5118 5118

 200000 200000 200000 200000 200000 200000 200000 200000 5017 5017 5017 5017 5262 5262 5262 5262 5189 5189 5189 5189 5386 5386 5386 5386 5319 5319 5319 5319 5252 5252 5252 5252 5442 5442 5442 5442 5448 5448 5448 5448 5135 5135 5135 5135 5094 5094 5094 5094 5499 5499 5499 5499 5351 5351 5351 5351 5223 5223 5223 5223 5290 5290 5290 5290 200000 200000 200000 200000 200000 200000 200000 200000 5017 5017 5017 5017 5262 5262 5262 5262 5189 5189 5189 5189 5386 5386 5386 5386 5319 5319 5319 5319 5252 5252 5252 5252 5442 5442 5442 5442 5448 5448 5448 5448 5135 5135 5135 5135 5094 5094 5094 5094 5499 5499 5499 5499 5351 5351 5351 5351 5223 5223 5223 5223 5290 5290 5290 5290
 0 0 0 0 0 0 0 0 5017 5017 5017 5017 5262 5262 5262 5262 5189 5189 5189 5189 5386 5386 5386 5386 5319 5319 5319 5319 5252 5252 5252 5252 5442 5442 5442 5442 5448 5448 5448 5448 5135 5135 5135 5135 5094 5094 5094 5094 5499 5499 5499 5499 5351 5351 5351 5351 5223 5223 5223 5223 5290 5290 5290 5290 0 0 0 0 0 0 0 0 5017 5017 5017 5017 5262 5262 5262 5262 5189 5189 5189 5189 5386 5386 5386 5386 5319 5319 5319 5319 5252 5252 5252 5252 5442 5442 5442 5442 5448 5448 5448 5448 5135 5135 5135 5135 5094 5094 5094 5094 5499 5499 5499 5499 5351 5351 5351 5351 5223 5223 5223 5223 5290 5290 5290 5290

 200000 200000 200000 200000 200000 200000 200000 200000 5017 5017 5017 5017 5262 5262 5262 5262 5189 5189 5189 5189 5386 5386 5386 5386 5319 5319 5319 5319 5252 5252 5252 5252 5442 5442 5442 5442 5448 5448 5448 5448 5135 5135 5135 5135 5094 5094 5094 5094 5394 5394 5394 5394 5430 5430 5430 5430 5123 5123 5123 5123 5481 5481 5481 5481 200000 200000 200000 200000 200000 200000 200000 200000 5017 5017 5017 5017 5262 5262 5262 5262 5189 5189 5189 5189 5386 5386 5386 5386 5319 5319 5319 5319 5252 5252 5252 5252 5442 5442 5442 5442 5448 5448 5448 5448 5135 5135 5135 5135 5094 5094 5094 5094 5394 5394 5394 5394 5430 5430 5430 5430 5123 5123 5123 5123 5481 5481 5481 5481
 0 0 0 0 0 0 0 0 5017 5017 5017 5017 5262 5262 5262 5262 5189 5189 5189 5189 5386 5386 5386 5386 5319 5319 5319 5319 5252 5252 5252 5252 5442 5442 5442 5442 5448 5448 5448 5448 5135 5135 5135 5135 5094 5094 5094 5094 5394 5394 5394 5394 5430 5430 5430 5430 5123 5123 5123 5123 5481 5481 5481 5481 0 0 0 0 0 0 0 0 5017 5017 5017 5017 5262 5262 5262 5262 5189 5189 5189 5189 5386 5386 5386 5386 5319 5319 5319 5319 5252 5252 5252 5252 5442 5442 5442 5442 5448 5448 5448 5448 5135 5135 5135 5135 5094 5094 5094 5094 5394 5394 5394 5394 5430 5430 5430 5430 5123 5123 5123 5123 5481 5481 5481 5481

 200000 200000 200000 200000 200000 200000 200000 200000 5017 5017 5017 5017 5262 5262 5262 5262 5189 5189 5189 5189 5386 5386 5386 5386 5319 5319 5319 5319 5252 5252 5252 5252 5442 5442 5442 5442 5448 5448 5448 5448 5135 5135 5135 5135 5094 5094 5094 5094 5037 5037 5037 5037 5076 5076 5076 5076 5327 5327 5327 5327 5217 5217 5217 5217 200000 200000 200000 200000 200000 200000 200000 200000 5017 5017 5017 5017 5262 5262 5262 5262 5189 5189 5189 5189 5386 5386 5386 5386 5319 5319 5319 5319 5252 5252 5252 5252 5442 5442 5442 5442 5448 5448 5448 5448 5135 5135 5135 5135 5094 5094 5094 5094 5037 5037 5037 5037 5076 5076 5076 5076 5327 5327 5327 5327 5217 5217 5217 5217
 0 0 0 0 0 0 0 0 5017 5017 5017 5017 5262 5262 5262 5262 5189 5189 5189 5189 5386 5386 5386 5386 5319 5319 5319 5319 5252 5252 5252 5252 5442 5442 5442 5442 5448 5448 5448 5448 5135 5135 5135 5135 5094 5094 5094 5094 5037 5037 5037 5037 5076 5076 5076 5076 5327 5327 5327 5327 5217 5217 5217 5217 0 0 0 0 0 0 0 0 5017 5017 5017 5017 5262 5262 5262 5262 5189 5189 5189 5189 5386 5386 5386 5386 5319 5319 5319 5319 5252 5252 5252 5252 5442 5442 5442 5442 5448 5448 5448 5448 5135 5135 5135 5135 5094 5094 5094 5094 5037 5037 5037 5037 5076 5076 5076 5076 5327 5327 5327 5327 5217 5217 5217 5217

 200000 200000 200000 200000 200000 200000 200000 200000 5017 5017 5017 5017 5262 5262 5262 5262 5189 5189 5189 5189 5386 5386 5386 5386 5319 5319 5319 5319 5252 5252 5252 5252 5442 5442 5442 5442 5448 5448 5448 5448 5135 5135 5135 5135 5094 5094 5094 5094 5498 5498 5498 5498 5042 5042 5042 5042 5348 5348 5348 5348 5142 5142 5142 5142 200000 200000 200000 200000 200000 200000 200000 200000 5017 5017 5017 5017 5262 5262 5262 5262 5189 5189 5189 5189 5386 5386 5386 5386 5319 5319 5319 5319 5252 5252 5252 5252 5442 5442 5442 5442 5448 5448 5448 5448 5135 5135 5135 5135 5094 5094 5094 5094 5498 5498 5498 5498 5042 5042 5042 5042 5348 5348 5348 5348 5142 5142 5142 5142
 0 0 0 0 0 0 0 0 5017 5017 5017 5017 5262 5262 5262 5262 5189 5189 5189 5189 5386 5386 5386 5386 5319 5319 5319 5319 5252 5252 5252 5252 5442 5442 5442 5442 5448 5448 5448 5448 5135 5135 5135 5135 5094 5094 5094 5094 5498 5498 5498 5498 5042 5042 5042 5042 5348 5348 5348 5348 5142 5142 5142 5142 0 0 0 0 0 0 0 0 5017 5017 5017 5017 5262 5262 5262 5262 5189 5189 5189 5189 5386 5386 5386 5386 5319 5319 5319 5319 5252 5252 5252 5252 5442 5442 5442 5442 5448 5448 5448 5448 5135 5135 5135 5135 5094 5094 5094 5094 5498 5498 5498 5498 5042 5042 5042 5042 5348 5348 5348 5348 5142 5142 5142 5142

 200000 200000 200000 200000 200000 200000 200000 200000 5017 5017 5017 5017 5262 5262 5262 5262 5189 5189 5189 5189 5386 5386 5386 5386 5319 5319 5319 5319 5252 5252 5252 5252 5442 5442 5442 5442 5448 5448 5448 5448 5135 5135 5135 5135 5094 5094 5094 5094 5486 5486 5486 5486 5109 5109 5109 5109 5034 5034 5034 5034 5023 5023 5023 5023 200000 200000 200000 200000 200000 200000 200000 200000 5017 5017 5017 5017 5262 5262 5262 5262 5189 5189 5189 5189 5386 5386 5386 5386 5319 5319 5319 5319 5252 5252 5252 5252 5442 5442 5442 5442 5448 5448 5448 5448 5135 5135 5135 5135 5094 5094 5094 5094 5486 5486 5486 5486 5109 5109 5109 5109 5034 5034 5034 5034 5023 5023 5023 5023
 0 0 0 0 0 0 0 0 5017 5017 5017 5017 5262 5262 5262 5262 5189 5189 5189 5189 5386 5386 5386 5386 5319 5319 5319 5319 5252 5252 5252 5252 5442 5442 5442 5442 5448 5448 5448 5448 5135 5135 5135 5135 5094 5094 5094 5094 5486 5486 5486 5486 5109 5109 5109 5109 5034 5034 5034 5034 5023 5023 5023 5023 0 0 0 0 0 0 0 0 5017 5017 5017 5017 5262 5262 5262 5262 5189 5189 5189 5189 5386 5386 5386 5386 5319 5319 5319 5319 5252 5252 5252 5252 5442 5442 5442 5442 5448 5448 5448 5448 5135 5135 5135 5135 5094 5094 5094 5094 5486 5486 5486 5486 5109 5109 5109 5109 5034 5034 5034 5034 5023 5023 5023 5023

 200000 200000 200000 200000 200000 200000 200000 200000 5017 5017 5017 5017 5262 5262 5262 5262 5189 5189 5189 5189 5386 5386 5386 5386 5319 5319 5319 5319 5252 5252 5252 5252 5442 5442 5442 5442 5448 5448 5448 5448 5135 5135 5135 5135 5094 5094 5094 5094 5046 5046 5046 5046 5374 5374 5374 5374 5478 5478 5478 5478 5226 5226 5226 5226 200000 200000 200000 200000 200000 200000 200000 200000 5017 5017 5017 5017 5262 5262 5262 5262 5189 5189 5189 5189 5386 5386 5386 5386 5319 5319 5319 5319 5252 5252 5252 5252 5442 5442 5442 5442 5448 5448 5448 5448 5135 5135 5135 5135 5094 5094 5094 5094 5046 5046 5046 5046 5374 5374 5374 5374 5478 5478 5478 5478 5226 5226 5226 5226
 0 0 0 0 0 0 0 0 5017 5017 5017 5017 5262 5262 5262 5262 5189 5189 5189 5189 5386 5386 5386 5386 5319 5319 5319 5319 5252 5252 5252 5252 5442 5442 5442 5442 5448 5448 5448 5448 5135 5135 5135 5135 5094 5094 5094 5094 5046 5046 5046 5046 5374 5374 5374 5374 5478 5478 5478 5478 5226 5226 5226 5226 0 0 0 0 0 0 0 0 5017 5017 5017 5017 5262 5262 5262 5262 5189 5189 5189 5189 5386 5386 5386 5386 5319 5319 5319 5319 5252 5252 5252 5252 5442 5442 5442 5442 5448 5448 5448 5448 5135 5135 5135 5135 5094 5094 5094 5094 5046 5046 5046 5046 5374 5374 5374 5374 5478 5478 5478 5478 5226 5226 5226 5226

 200000 200000 200000 200000 200000 200000 200000 200000 5017 5017 5017 5017 5262 5262 5262 5262 5189 5189 5189 5189 5386 5386 5386 5386 5319 5319 5319 5319 5252 5252 5252 5252 5442 5442 5442 5442 5448 5448 5448 5448 5135 5135 5135 5135 5094 5094 5094 5094 5101 5101 5101 5101 5455 5455 5455 5455 5108 5108 5108 5108 5236 5236 5236 5236 200000 200000 200000 200000 200000 200000 200000 200000 5017 5017 5017 5017 5262 5262 5262 5262 5189 5189 5189 5189 5386 5386 5386 5386 5319 5319 5319 5319 5252 5252 5252 5252 5442 5442 5442 5442 5448 5448 5448 5448 5135 5135 5135 5135 5094 5094 5094 5094 5101 5101 5101 5101 5455 5455 5455 5455 5108 5108 5108 5108 5236 5236 5236 5236
 0 0 0 0 0 0 0 0 5017 5017 5017 5017 5262 5262 5262 5262 5189 5189 5189 5189 5386 5386 5386 5386 5319 5319 5319 5319 5252 5252 5252 5252 5442 5442 5442 5442 5448 5448 5448 5448 5135 5135 5135 5135 5094 5094 5094 5094 5101 5101 5101 5101 5455 5455 5455 5455 5108 5108 5108 5108 5236 5236 5236 5236 0 0 0 0 0 0 0 0 5017 5017 5017 5017 5262 5262 5262 5262 5189 5189 5189 5189 5386 5386 5386 5386 5319 5319 5319 5319 5252 5252 5252 5252 5442 5442 5442 5442 5448 5448 5448 5448 5135 5135 5135 5135 5094 5094 5094 5094 5101 5101 5101 5101 5455 5455 5455 5455 5108 5108 5108 5108 5236 5236 5236 5236

 200000 200000 200000 200000 200000 200000 200000 200000 5017 5017 5017 5017 5262 5262 5262 5262 5189 5189 5189 5189 5386 5386 5386 5386 5319 5319 5319 5319 5252 5252 5252 5252 5442 5442 5442 5442 5448 5448 5448 5448 5135 5135 5135 5135 5094 5094 5094 5094 5215 5215 5215 5215 5170 5170 5170 5170 5275 5275 5275 5275 5305 5305 5305 5305 200000 200000 200000 200000 200000 200000 200000 200000 5017 5017 5017 5017 5262 5262 5262 5262 5189 5189 5189 5189 5386 5386 5386 5386 5319 5319 5319 5319 5252 5252 5252 5252 5442 5442 5442 5442 5448 5448 5448 5448 5135 5135 5135 5135 5094 5094 5094 5094 5215 5215 5215 5215 5170 5170 5170 5170 5275 5275 5275 5275 5305 5305 5305 5305
 0 0 0 0 0 0 0 0 5017 5017 5017 5017 5262 5262 5262 5262 5189 5189 5189 5189 5386 5386 5386 5386 5319 5319 5319 5319 5252 5252 5252 5252 5442 5442 5442 5442 5448 5448 5448 5448 5135 5135 5135 5135 5094 5094 5094 5094 5215 5215 5215 5215 5170 5170 5170 5170 5275 5275 5275 5275 5305 5305 5305 5305 0 0 0 0 0 0 0 0 5017 5017 5017 5017 5262 5262 5262 5262 5189 5189 5189 5189 5386 5386 5386 5386 5319 5319 5319 5319 5252 5252 5252 5252 5442 5442 5442 5442 5448 5448 5448 5448 5135 5135 5135 5135 5094 5094 5094 5094 5215 5215 5215 5215 5170 5170 5170 5170 5275 5275 5275 5275 5305 5305 5305 5305

 200000 200000 200000 200000 200000 200000 200000 200000 5017 5017 5017 5017 5262 5262 5262 5262 5189 5189 5189 5189 5386 5386 5386 5386 5319 5319 5319 5319 5252 5252 5252 5252 5442 5442 5442 5442 5448 5448 5448 5448 5135 5135 5135 5135 5094 5094 5094 5094 5144 5144 5144 5144 5126 5126 5126 5126 5366 5366 5366 5366 5178 5178 5178 5178 200000 200000 200000 200000 200000 200000 200000 200000 5017 5017 5017 5017 5262 5262 5262 5262 5189 5189 5189 5189 5386 5386 5386 5386 5319 5319 5319 5319 5252 5252 5252 5252 5442 5442 5442 5442 5448 5448 5448 5448 5135 5135 5135 5135 5094 5094 5094 5094 5144 5144 5144 5144 5126 5126 5126 5126 5366 5366 5366 5366 5178 5178 5178 5178
 0 0 0 0 0 0 0 0 5017 5017 5017 5017 5262 5262 5262 5262 5189 5189 5189 5189 5386 5386 5386 5386 5319 5319 5319 5319 5252 5252 5252 5252 5442 5442 5442 5442 5448 5448 5448 5448 5135 5135 5135 5135 5094 5094 5094 5094 5144 5144 5144 5144 5126 5126 5126 5126 5366 5366 5366 5366 5178 5178 5178 5178 0 0 0 0 0 0 0 0 5017 5017 5017 5017 5262 5262 5262 5262 5189 5189 5189 5189 5386 5386 5386 5386 5319 5319 5319 5319 5252 5252 5252 5252 5442 5442 5442 5442 5448 5448 5448 5448 5135 5135 5135 5135 5094 5094 5094 5094 5144 5144 5144 5144 5126 5126 5126 5126 5366 5366 5366 5366 5178 5178 5178 5178

 200000 200000 200000 200000 200000 200000 200000 200000 5017 5017 5017 5017 5262 5262 5262 5262 5189 5189 5189 5189 5386 5386 5386 5386 5319 5319 5319 5319 5252 5252 5252 5252 5442 5442 5442 5442 5448 5448 5448 5448 5135 5135 5135 5135 5094 5094 5094 5094 5011 5011 5011 5011 5380 5380 5380 5380 5260 5260 5260 5260 5378 5378 5378 5378 200000 200000 200000 200000 200000 200000 200000 200000 5017 5017 5017 5017 5262 5262 5262 5262 5189 5189 5189 5189 5386 5386 5386 5386 5319 5319 5319 5319 5252 5252 5252 5252 5442 5442 5442 5442 5448 5448 5448 5448 5135 5135 5135 5135 5094 5094 5094 5094 5011 5011 5011 5011 5380 5380 5380 5380 5260 5260 5260 5260 5378 5378 5378 5378
 0 0 0 0 0 0 0 0 5017 5017 5017 5017 5262 5262 5262 5262 5189 5189 5189 5189 5386 5386 5386 5386 5319 5319 5319 5319 5252 5252 5252 5252 5442 5442 5442 5442 5448 5448 5448 5448 5135 5135 5135 5135 5094 5094 5094 5094 5011 5011 5011 5011 5380 5380 5380 5380 5260 5260 5260 5260 5378 5378 5378 5378 0 0 0 0 0 0 0 0 5017 5017 5017 5017 5262 5262 5262 5262 5189 5189 5189 5189 5386 5386 5386 5386 5319 5319 5319 5319 5252 5252 5252 5252 5442 5442 5442 5442 5448 5448 5448 5448 5135 5135 5135 5135 5094 5094 5094 5094 5011 5011 5011 5011 5380 5380 5380 5380 5260 5260 5260 5260 5378 5378 5378 5378

 200000 200000 200000 200000 200000 200000 200000 200000 5017 5017 5017 5017 5262 5262 5262 5262 5189 5189 5189 5189 5386 5386 5386 5386 5319 5319 5319 5319 5252 5252 5252 5252 5442 5442 5442 5442 5448 5448 5448 5448 5135 5135 5135 5135 5094 5094 5094 5094 5418 5418 5418 5418 5049 5049 5049 5049 5400 5400 5400 5400 5089 5089 5089 5089 200000 200000 200000 200000 200000 200000 200000 200000 5017 5017 5017 5017 5262 5262 5262 5262 5189 5189 5189 5189 5386 5386 5386 5386 5319 5319 5319 5319 5252 5252 5252 5252 5442 5442 5442 5442 5448 5448 5448 5448 5135 5135 5135 5135 5094 5094 5094 5094 5418 5418 5418 5418 5049 5049 5049 5049 5400 5400 5400 5400 5089 5089 5089 5089
 0 0 0 0 0 0 0 0 5017 5017 5017 5017 5262 5262 5262 5262 5189 5189 5189 5189 5386 5386 5386 5386 5319 5319 5319 5319 5252 5252 5252 5252 5442 5442 5442 5442 5448 5448 5448 5448 5135 5135 5135 5135 5094 5094 5094 5094 5418 5418 5418 5418 5049 5049 5049 5049 5400 5400 5400 5400 5089 5089 5089 5089 0 0 0 0 0 0 0 0 5017 5017 5017 5017 5262 5262 5262 5262 5189 5189 5189 5189 5386 5386 5386 5386 5319 5319 5319 5319 5252 5252 5252 5252 5442 5442 5442 5442 5448 5448 5448 5448 5135 5135 5135 5135 5094 5094 5094 5094 5418 5418 5418 5418 5049 5049 5049 5049 5400 5400 5400 5400 5089 5089 5089 5089

 200000 200000 200000 200000 200000 200000 200000 200000 5017 5017 5017 5017 5262 5262 5262 5262 5189 5189 5189 5189 5386 5386 5386 5386 5319 5319 5319 5319 5252 5252 5252 5252 5442 5442 5442 5442 5448 5448 5448 5448 5135 5135 5135 5135 5094 5094 5094 5094 5111 5111 5111 5111 5452 5452 5452 5452 5380 5380 5380 5380 5329 5329 5329 5329 200000 200000 200000 200000 200000 200000 200000 200000 5017 5017 5017 5017 5262 5262 5262 5262 5189 5189 5189 5189 5386 5386 5386 5386 5319 5319 5319 5319 5252 5252 5252 5252 5442 5442 5442 5442 5448 5448 5448 5448 5135 5135 5135 5135 5094 5094 5094 5094 5111 5111 5111 5111 5452 5452 5452 5452 5380 5380 5380 5380 5329 5329 5329 5329
 0 0 0 0 0 0 0 0 5017 5017 5017 5017 5262 5262 5262 5262 5189 5189 5189 5189 5386 5386 5386 5386 5319 5319 5319 5319 5252 5252 5252 5252 5442 5442 5442 5442 5448 5448 5448 5448 5135 5135 5135 5135 5094 5094 5094 5094 5111 5111 5111 5111 5452 5452 5452 5452 5380 5380 5380 5380 5329 5329 5329 5329 0 0 0 0 0 0 0 0 5017 5017 5017 5017 5262 5262 5262 5262 5189 5189 5189 5189 5386 5386 5386 5386 5319 5319 5319 5319 5252 5252 5252 5252 5442 5442 5442 5442 5448 5448 5448 5448 5135 5135 5135 5135 5094 5094 5094 5094 5111 5111 5111 5111 5452 5452 5452 5452 5380 5380 5380 5380 5329 5329 5329 5329

 200000 200000 200000 200000 200000 200000 200000 200000 5017 5017 5017 5017 5262 5262 5262 5262 5189 5189 5189 5189 5386 5386 5386 5386 5319 5319 5319 5319 5252 5252 5252 5252 5442 5442 5442 5442 5448 5448 5448 5448 5135 5135 5135 5135 5094 5094 5094 5094 5220 5220 5220 5220 5303 5303 5303 5303 5384 5384 5384 5384 5162 5162 5162 5162 200000 200000 200000 200000 200000 200000 200000 200000 5017 5017 5017 5017 5262 5262 5262 5262 5189 5189 5189 5189 5386 5386 5386 5386 5319 5319 5319 5319 5252 5252 5252 5252 5442 5442 5442 5442 5448 5448 5448 5448 5135 5135 5135 5135 5094 5094 5094 5094 5220 5220 5220 5220 5303 5303 5303 5303 5384 5384 5384 5384 5162 5162 5162 5162
 0 0 0 0 0 0 0 0 5017 5017 5017 5017 5262 5262 5262 5262 5189 5189 5189 5189 5386 5386 5386 5386 5319 5319 5319 5319 5252 5252 5252 5252 5442 5442 5442 5442 5448 5448 5448 5448 5135 5135 5135 5135 5094 5094 5094 5094 5220 5220 5220 5220 5303 5303 5303 5303 5384 5384 5384 5384 5162 5162 5162 5162 0 0 0 0 0 0 0 0 5017 5017 5017 5017 5262 5262 5262 5262 5189 5189 5189 5189 5386 5386 5386 5386 5319 5319 5319 5319 5252 5252 5252 5252 5442 5442 5442 5442 5448 5448 5448 5448 5135 5135 5135 5135 5094 5094 5094 5094 5220 5220 5220 5220 5303 5303 5303 5303 5384 5384 5384 5384 5162 5162 5162 5162

 200000 200000 200000 200000 200000 200000 200000 200000 5017 5017 5017 5017 5262 5262 5262 5262 5189 5189 5189 5189 5386 5386 5386 5386 5319 5319 5319 5319 5252 5252 5252 5252 5442 5442 5442 5442 5448 5448 5448 5448 5135 5135 5135 5135 5094 5094 5094 5094 5257 5257 5257 5257 5007 5007 5007 5007 5395 5395 5395 5395 5167 5167 5167 5167 200000 200000 200000 200000 200000 200000 200000 200000 5017 5017 5017 5017 5262 5262 5262 5262 5189 5189 5189 5189 5386 5386 5386 5386 5319 5319 5319 5319 5252 5252 5252 5252 5442 5442 5442 5442 5448 5448 5448 5448 5135 5135 5135 5135 5094 5094 5094 5094 5257 5257 5257 5257 5007 5007 5007 5007 5395 5395 5395 5395 5167 5167 5167 5167
 0 0 0 0 0 0 0 0 5017 5017 5017 5017 5262 5262 5262 5262 5189 5189 5189 5189 5386 5386 5386 5386 5319 5319 5319 5319 5252 5252 5252 5252 5442 5442 5442 5442 5448 5448 5448 5448 5135 5135 5135 5135 5094 5094 5094 5094 5257 5257 5257 5257 5007 5007 5007 5007 5395 5395 5395 5395 5167 5167 5167 5167 0 0 0 0 0 0 0 0 5017 5017 5017 5017 5262 5262 5262 5262 5189 5189 5189 5189 5386 5386 5386 5386 5319 5319 5319 5319 5252 5252 5252 5252 5442 5442 5442 5442 5448 5448 5448 5448 5135 5135 5135 5135 5094 5094 5094 5094 5257 5257 5257 5257 5007 5007 5007 5007 5395 5395 5395 5395 5167 5167 5167 5167

 200000 200000 200000 200000 200000 200000 200000 200000 5017 5017 5017 5017 5262 5262 5262 5262 5189 5189 5189 5189 5386 5386 5386 5386 5319 5319 5319 5319 5252 5252 5252 5252 5442 5442 5442 5442 5448 5448 5448 5448 5135 5135 5135 5135 5094 5094 5094 5094 5379 5379 5379 5379 5128 5128 5128 5128 5248 5248 5248 5248 5493 5493 5493 5493 200000 200000 200000 200000 200000 200000 200000 200000 5017 5017 5017 5017 5262 5262 5262 5262 5189 5189 5189 5189 5386 5386 5386 5386 5319 5319 5319 5319 5252 5252 5252 5252 5442 5442 5442 5442 5448 5448 5448 5448 5135 5135 5135 5135 5094 5094 5094 5094 5379 5379 5379 5379 5128 5128 5128 5128 5248 5248 5248 5248 5493 5493 5493 5493
 0 0 0 0 0 0 0 0 5017 5017 5017 5017 5262 5262 5262 5262 5189 5189 5189 5189 5386 5386 5386 5386 5319 5319 5319 5319 5252 5252 5252 5252 5442 5442 5442 5442 5448 5448 5448 5448 5135 5135 5135 5135 5094 5094 5094 5094 5379 5379 5379 5379 5128 5128 5128 5128 5248 5248 5248 5248 5493 5493 5493 5493 0 0 0 0 0 0 0 0 5017 5017 5017 5017 5262 5262 5262 5262 5189 5189 5189 5189 5386 5386 5386 5386 5319 5319 5319 5319 5252 5252 5252 5252 5442 5442 5442 5442 5448 5448 5448 5448 5135 5135 5135 5135 5094 5094 5094 5094 5379 5379 5379 5379 5128 5128 5128 5128 5248 5248 5248 5248 5493 5493 5493 5493

 200000 200000 200000 200000 200000 200000 200000 200000 5017 5017 5017 5017 5262 5262 5262 5262 5189 5189 5189 5189 5386 5386 5386 5386 5319 5319 5319 5319 5252 5252 5252 5252 5442 5442 5442 5442 5448 5448 5448 5448 5135 5135 5135 5135 5094 5094 5094 5094 5447 5447 5447 5447 5079 5079 5079 5079 5237 5237 5237 5237 5425 5425 5425 5425 200000 200000 200000 200000 200000 200000 200000 200000 5017 5017 5017 5017 5262 5262 5262 5262 5189 5189 5189 5189 5386 5386 5386 5386 5319 5319 5319 5319 5252 5252 5252 5252 5442 5442 5442 5442 5448 5448 5448 5448 5135 5135 5135 5135 5094 5094 5094 5094 5447 5447 5447 5447 5079 5079 5079 5079 5237 5237 5237 5237 5425 5425 5425 5425
 0 0 0 0 0 0 0 0 5017 5017 5017 5017 5262 5262 5262 5262 5189 5189 5189 5189 5386 5386 5386 5386 5319 5319 5319 5319 5252 5252 5252 5252 5442 5442 5442 5442 5448 5448 5448 5448 5135 5135 5135 5135 5094 5094 5094 5094 5447 5447 5447 5447 5079 5079 5079 5079 5237 5237 5237 5237 5425 5425 5425 5425 0 0 0 0 0 0 0 0 5017 5017 5017 5017 5262 5262 5262 5262 5189 5189 5189 5189 5386 5386 5386 5386 5319 5319 5319 5319 5252 5252 5252 5252 5442 5442 5442 5442 5448 5448 5448 5448 5135 5135 5135 5135 5094 5094 5094 5094 5447 5447 5447 5447 5079 5079 5079 5079 5237 5237 5237 5237 5425 5425 5425 5425

 200000 200000 200000 200000 200000 200000 200000 200000 5017 5017 5017 5017 5262 5262 5262 5262 5189 5189 5189 5189 5386 5386 5386 5386 5319 5319 5319 5319 5252 5252 5252 5252 5442 5442 5442 5442 5448 5448 5448 5448 5135 5135 5135 5135 5094 5094 5094 5094 5331 5331 5331 5331 5453 5453 5453 5453 5344 5344 5344 5344 5337 5337 5337 5337 200000 200000 200000 200000 200000 200000 200000 200000 5017 5017 5017 5017 5262 5262 5262 5262 5189 5189 5189 5189 5386 5386 5386 5386 5319 5319 5319 5319 5252 5252 5252 5252 5442 5442 5442 5442 5448 5448 5448 5448 5135 5135 5135 5135 5094 5094 5094 5094 5331 5331 5331 5331 5453 5453 5453 5453 5344 5344 5344 5344 5337 5337 5337 5337
 0 0 0 0 0 0 0 0 5017 5017 5017 5017 5262 5262 5262 5262 5189 5189 5189 5189 5386 5386 5386 5386 5319 5319 5319 5319 5252 5252 5252 5252 5442 5442 5442 5442 5448 5448 5448 5448 5135 5135 5135 5135 5094 5094 5094 5094 5331 5331 5331 5331 5453 5453 5453 5453 5344 5344 5344 5344 5337 5337 5337 5337 0 0 0 0 0 0 0 0 5017 5017 5017 5017 5262 5262 5262 5262 5189 5189 5189 5189 5386 5386 5386 5386 5319 5319 5319 5319 5252 5252 5252 5252 5442 5442 5442 5442 5448 5448 5448 5448 5135 5135 5135 5135 5094 5094 5094 5094 5331 5331 5331 5331 5453 5453 5453 5453 5344 5344 5344 5344 5337 5337 5337 5337

 200000 200000 200000 200000 200000 200000 200000 200000 5017 5017 5017 5017 5262 5262 5262 5262 5189 5189 5189 5189 5386 5386 5386 5386 5319 5319 5319 5319 5252 5252 5252 5252 5442 5442 5442 5442 5448 5448 5448 5448 5135 5135 5135 5135 5094 5094 5094 5094 5189 5189 5189 5189 5272 5272 5272 5272 5464 5464 5464 5464 5478 5478 5478 5478 200000 200000 200000 200000 200000 200000 200000 200000 5017 5017 5017 5017 5262 5262 5262 5262 5189 5189 5189 5189 5386 5386 5386 5386 5319 5319 5319 5319 5252 5252 5252 5252 5442 5442 5442 5442 5448 5448 5448 5448 5135 5135 5135 5135 5094 5094 5094 5094 5189 5189 5189 5189 5272 5272 5272 5272 5464 5464 5464 5464 5478 5478 5478 5478
 0 0 0 0 0 0 0 0 5017 5017 5017 5017 5262 5262 5262 5262 5189 5189 5189 5189 5386 5386 5386 5386 5319 5319 5319 5319 5252 5252 5252 5252 5442 5442 5442 5442 5448 5448 5448 5448 5135 5135 5135 5135 5094 5094 5094 5094 5189 5189 5189 5189 5272 5272 5272 5272 5464 5464 5464 5464 5478 5478 5478 5478 0 0 0 0 0 0 0 0 5017 5017 5017 5017 5262 5262 5262 5262 5189 5189 5189 5189 5386 5386 5386 5386 5319 5319 5319 5319 5252 5252 5252 5252 5442 5442 5442 5442 5448 5448 5448 5448 5135 5135 5135 5135 5094 5094 5094 5094 5189 5189 5189 5189 5272 5272 5272 5272 5464 5464 5464 5464 5478 5478 5478 5478

 200000 200000 200000 200000 200000 200000 200000 200000 5017 5017 5017 5017 5262 5262 5262 5262 5189 5189 5189 5189 5386 5386 5386 5386 5319 5319 5319 5319 5252 5252 5252 5252 5442 5442 5442 5442 5448 5448 5448 5448 5135 5135 5135 5135 5094 5094 5094 5094 5345 5345 5345 5345 5213 5213 5213 5213 5306 5306 5306 5306 5133 5133 5133 5133 200000 200000 200000 200000 200000 200000 200000 200000 5017 5017 5017 5017 5262 5262 5262 5262 5189 5189 5189 5189 5386 5386 5386 5386 5319 5319 5319 5319 5252 5252 5252 5252 5442 5442 5442 5442 5448 5448 5448 5448 5135 5135 5135 5135 5094 5094 5094 5094 5345 5345 5345 5345 5213 5213 5213 5213 5306 5306 5306 5306 5133 5133 5133 5133
 0 0 0 0 0 0 0 0 5017 5017 5017 5017 5262 5262 5262 5262 5189 5189 5189 5189 5386 5386 5386 5386 5319 5319 5319 5319 5252 5252 5252 5252 5442 5442 5442 5442 5448 5448 5448 5448 5135 5135 5135 5135 5094 5094 5094 5094 5345 5345 5345 5345 5213 5213 5213 5213 5306 5306 5306 5306 5133 5133 5133 5133 0 0 0 0 0 0 0 0 5017 5017 5017 5017 5262 5262 5262 5262 5189 5189 5189 5189 5386 5386 5386 5386 5319 5319 5319 5319 5252 5252 5252 5252 5442 5442 5442 5442 5448 5448 5448 5448 5135 5135 5135 5135 5094 5094 5094 5094 5345 5345 5345 5345 5213 5213 5213 5213 5306 5306 5306 5306 5133 5133 5133 5133

 200000 200000 200000 200000 200000 200000 200000 200000 5017 5017 5017 5017 5262 5262 5262 5262 5189 5189 5189 5189 5386 5386 5386 5386 5319 5319 5319 5319 5252 5252 5252 5252 5442 5442 5442 5442 5448 5448 5448 5448 5135 5135 5135 5135 5094 5094 5094 5094 5417 5417 5417 5417 5288 5288 5288 5288 5208 5208 5208 5208 5083 5083 5083 5083 200000 200000 200000 200000 200000 200000 200000 200000 5017 5017 5017 5017 5262 5262 5262 5262 5189 5189 5189 5189 5386 5386 5386 5386 5319 5319 5319 5319 5252 5252 5252 5252 5442 5442 5442 5442 5448 5448 5448 5448 5135 5135 5135 5135 5094 5094 5094 5094 5417 5417 5417 5417 5288 5288 5288 5288 5208 5208 5208 5208 5083 5083 5083 5083
 0 0 0 0 0 0 0 0 5017 5017 5017 5017 5262 5262 5262 5262 5189 5189 5189 5189 5386 5386 5386 5386 5319 5319 5319 5319 5252 5252 5252 5252 5442 5442 5442 5442 5448 5448 5448 5448 5135 5135 5135 5135 5094 5094 5094 5094 5417 5417 5417 5417 5288 5288 5288 5288 5208 5208 5208 5208 5083 5083 5083 5083 0 0 0 0 0 0 0 0 5017 5017 5017 5017 5262 5262 5262 5262 5189 5189 5189 5189 5386 5386 5386 5386 5319 5319 5319 5319 5252 5252 5252 5252 5442 5442 5442 5442 5448 5448 5448 5448 5135 5135 5135 5135 5094 5094 5094 5094 5417 5417 5417 5417 5288 5288 5288 5288 5208 5208 5208 5208 5083 5083 5083 5083

 200000 200000 200000 200000 200000 200000 200000 200000 5017 5017 5017 5017 5262 5262 5262 5262 5189 5189 5189 5189 5386 5386 5386 5386 5319 5319 5319 5319 5252 5252 5252 5252 5442 5442 5442 5442 5448 5448 5448 5448 5135 5135 5135 5135 5094 5094 5094 5094 5420 5420 5420 5420 5021 5021 5021 5021 5277 5277 5277 5277 5142 5142 5142 5142 200000 200000 200000 200000 200000 200000 200000 200000 5017 5017 5017 5017 5262 5262 5262 5262 5189 5189 5189 5189 5386 5386 5386 5386 5319 5319 5319 5319 5252 5252 5252 5252 5442 5442 5442 5442 5448 5448 5448 5448 5135 5135 5135 5135 5094 5094 5094 5094 5420 5420 5420 5420 5021 5021 5021 5021 5277 5277 5277 5277 5142 5142 5142 5142
 0 0 0 0 0 0 0 0 5017 5017 5017 5017 5262 5262 5262 5262 5189 5189 5189 5189 5386 5386 5386 5386 5319 5319 5319 5319 5252 5252 5252 5252 5442 5442 5442 5442 5448 5448 5448 5448 5135 5135 5135 5135 5094 5094 5094 5094 5420 5420 5420 5420 5021 5021 5021 5021 5277 5277 5277 5277 5142 5142 5142 5142 0 0 0 0 0 0 0 0 5017 5017 5017 5017 5262 5262 5262 5262 5189 5189 5189 5189 5386 5386 5386 5386 5319 5319 5319 5319 5252 5252 5252 5252 5442 5442 5442 5442 5448 5448 5448 5448 5135 5135 5135 5135 5094 5094 5094 5094 5420 5420 5420 5420 5021 5021 5021 5021 5277 5277 5277 5277 5142 5142 5142 5142

 200000 200000 200000 200000 200000 200000 200000 200000 5017 5017 5017 5017 5262 5262 5262 5262 5189 5189 5189 5189 5386 5386 5386 5386 5319 5319 5319 5319 5252 5252 5252 5252 5442 5442 5442 5442 5448 5448 5448 5448 5135 5135 5135 5135 5094 5094 5094 5094 5198 5198 5198 5198 5005 5005 5005 5005 5303 5303 5303 5303 5150 5150 5150 5150 200000 200000 200000 200000 200000 200000 200000 200000 5017 5017 5017 5017 5262 5262 5262 5262 5189 5189 5189 5189 5386 5386 5386 5386 5319 5319 5319 5319 5252 5252 5252 5252 5442 5442 5442 5442 5448 5448 5448 5448 5135 5135 5135 5135 5094 5094 5094 5094 5198 5198 5198 5198 5005 5005 5005 5005 5303 5303 5303 5303 5150 5150 5150 5150
 0 0 0 0 0 0 0 0 5017 5017 5017 5017 5262 5262 5262 5262 5189 5189 5189 5189 5386 5386 5386 5386 5319 5319 5319 5319 5252 5252 5252 5252 5442 5442 5442 5442 5448 5448 5448 5448 5135 5135 5135 5135 5094 5094 5094 5094 5198 5198 5198 5198 5005 5005 5005 5005 5303 5303 5303 5303 5150 5150 5150 5150 0 0 0 0 0 0 0 0 5017 5017 5017 5017 5262 5262 5262 5262 5189 5189 5189 5189 5386 5386 5386 5386 5319 5319 5319 5319 5252 5252 5252 5252 5442 5442 5442 5442 5448 5448 5448 5448 5135 5135 5135 5135 5094 5094 5094 5094 5198 5198 5198 5198 5005 5005 5005 5005 5303 5303 5303 5303 5150 5150 5150 5150

 200000 200000 200000 200000 200000 200000 200000 200000 5017 5017 5017 5017 5262 5262 5262 5262 5189 5189 5189 5189 5386 5386 5386 5386 5319 5319 5319 5319 5252 5252 5252 5252 5448 5448 5448 5448 5126 5126 5126 5126 5135 5135 5135 5135 5094 5094 5094 5094 5249 5249 5249 5249 5376 5376 5376 5376 5017 5017 5017 5017 5363 5363 5363 5363 200000 200000 200000 200000 200000 200000 200000 200000 5017 5017 5017 5017 5262 5262 5262 5262 5189 5189 5189 5189 5386 5386 5386 5386 5319 5319 5319 5319 5252 5252 5252 5252 5448 5448 5448 5448 5126 5126 5126 5126 5135 5135 5135 5135 5094 5094 5094 5094 5249 5249 5249 5249 5376 5376 5376 5376 5017 5017 5017 5017 5363 5363 5363 5363
 0 0 0 0 0 0 0 0 5017 5017 5017 5017 5262 5262 5262 5262 5189 5189 5189 5189 5386 5386 5386 5386 5319 5319 5319 5319 5252 5252 5252 5252 5448 5448 5448 5448 5126 5126 5126 5126 5135 5135 5135 5135 5094 5094 5094 5094 5249 5249 5249 5249 5376 5376 5376 5376 5017 5017 5017 5017 5363 5363 5363 5363 0 0 0 0 0 0 0 0 5017 5017 5017 5017 5262 5262 5262 5262 5189 5189 5189 5189 5386 5386 5386 5386 5319 5319 5319 5319 5252 5252 5252 5252 5448 5448 5448 5448 5126 5126 5126 5126 5135 5135 5135 5135 5094 5094 5094 5094 5249 5249 5249 5249 5376 5376 5376 5376 5017 5017 5017 5017 5363 5363 5363 5363

 200000 200000 200000 200000 200000 200000 200000 200000 5017 5017 5017 5017 5262 5262 5262 5262 5189 5189 5189 5189 5386 5386 5386 5386 5319 5319 5319 5319 5252 5252 5252 5252 5424 5424 5424 5424 5044 5044 5044 5044 5387 5387 5387 5387 5302 5302 5302 5302 5460 5460 5460 5460 5484 5484 5484 5484 5300 5300 5300 5300 5208 5208 5208 5208 200000 200000 200000 200000 200000 200000 200000 200000 5017 5017 5017 5017 5262 5262 5262 5262 5189 5189 5189 5189 5386 5386 5386 5386 5319 5319 5319 5319 5252 5252 5252 5252 5424 5424 5424 5424 5044 5044 5044 5044 5387 5387 5387 5387 5302 5302 5302 5302 5460 5460 5460 5460 5484 5484 5484 5484 5300 5300 5300 5300 5208 5208 5208 5208
 0 0 0 0 0 0 0 0 5017 5017 5017 5017 5262 5262 5262 5262 5189 5189 5189 5189 5386 5386 5386 5386 5319 5319 5319 5319 5252 5252 5252 5252 5424 5424 5424 5424 5044 5044 5044 5044 5387 5387 5387 5387 5302 5302 5302 5302 5460 5460 5460 5460 5484 5484 5484 5484 5300 5300 5300 5300 5208 5208 5208 5208 0 0 0 0 0 0 0 0 5017 5017 5017 5017 5262 5262 5262 5262 5189 5189 5189 5189 5386 5386 5386 5386 5319 5319 5319 5319 5252 5252 5252 5252 5424 5424 5424 5424 5044 5044 5044 5044 5387 5387 5387 5387 5302 5302 5302 5302 5460 5460 5460 5460 5484 5484 5484 5484 5300 5300 5300 5300 5208 5208 5208 5208

 200000 200000 200000 200000 200000 200000 200000 200000 5017 5017 5017 5017 5262 5262 5262 5262 5189 5189 5189 5189 5386 5386 5386 5386 5319 5319 5319 5319 5252 5252 5252 5252 5057 5057 5057 5057 5308 5308 5308 5308 5451 5451 5451 5451 5097 5097 5097 5097 5412 5412 5412 5412 5250 5250 5250 5250 5312 5312 5312 5312 5246 5246 5246 5246 200000 200000 200000 200000 200000 200000 200000 200000 5017 5017 5017 5017 5262 5262 5262 5262 5189 5189 5189 5189 5386 5386 5386 5386 5319 5319 5319 5319 5252 5252 5252 5252 5057 5057 5057 5057 5308 5308 5308 5308 5451 5451 5451 5451 5097 5097 5097 5097 5412 5412 5412 5412 5250 5250 5250 5250 5312 5312 5312 5312 5246 5246 5246 5246
 0 0 0 0 0 0 0 0 5017 5017 5017 5017 5262 5262 5262 5262 5189 5189 5189 5189 5386 5386 5386 5386 5319 5319 5319 5319 5252 5252 5252 5252 5057 5057 5057 5057 5308 5308 5308 5308 5451 5451 5451 5451 5097 5097 5097 5097 5412 5412 5412 5412 5250 5250 5250 5250 5312 5312 5312 5312 5246 5246 5246 5246 0 0 0 0 0 0 0 0 5017 5017 5017 5017 5262 5262 5262 5262 5189 5189 5189 5189 5386 5386 5386 5386 5319 5319 5319 5319 5252 5252 5252 5252 5057 5057 5057 5057 5308 5308 5308 5308 5451 5451 5451 5451 5097 5097 5097 5097 5412 5412 5412 5412 5250 5250 5250 5250 5312 5312 5312 5312 5246 5246 5246 5246

 200000 200000 200000 200000 200000 200000 200000 200000 5017 5017 5017 5017 5262 5262 5262 5262 5189 5189 5189 5189 5386 5386 5386 5386 5319 5319 5319 5319 5252 5252 5252 5252 5037 5037 5037 5037 5206 5206 5206 5206 5187 5187 5187 5187 5209 5209 5209 5209 5364 5364 5364 5364 5138 5138 5138 5138 5380 5380 5380 5380 5337 5337 5337 5337 200000 200000 200000 200000 200000 200000 200000 200000 5017 5017 5017 5017 5262 5262 5262 5262 5189 5189 5189 5189 5386 5386 5386 5386 5319 5319 5319 5319 5252 5252 5252 5252 5037 5037 5037 5037 5206 5206 5206 5206 5187 5187 5187 5187 5209 5209 5209 5209 5364 5364 5364 5364 5138 5138 5138 5138 5380 5380 5380 5380 5337 5337 5337 5337
 0 0 0 0 0 0 0 0 5017 5017 5017 5017 5262 5262 5262 5262 5189 5189 5189 5189 5386 5386 5386 5386 5319 5319 5319 5319 5252 5252 5252 5252 5037 5037 5037 5037 5206 5206 5206 5206 5187 5187 5187 5187 5209 5209 5209 5209 5364 5364 5364 5364 5138 5138 5138 5138 5380 5380 5380 5380 5337 5337 5337 5337 0 0 0 0 0 0 0 0 5017 5017 5017 5017 5262 5262 5262 5262 5189 5189 5189 5189 5386 5386 5386 5386 5319 5319 5319 5319 5252 5252 5252 5252 5037 5037 5037 5037 5206 5206 5206 5206 5187 5187 5187 5187 5209 5209 5209 5209 5364 5364 5364 5364 5138 5138 5138 5138 5380 5380 5380 5380 5337 5337 5337 5337

 200000 200000 200000 200000 200000 200000 200000 200000 5017 5017 5017 5017 5262 5262 5262 5262 5189 5189 5189 5189 5386 5386 5386 5386 5319 5319 5319 5319 5252 5252 5252 5252 5196 5196 5196 5196 5434 5434 5434 5434 5228 5228 5228 5228 5459 5459 5459 5459 5095 5095 5095 5095 5369 5369 5369 5369 5344 5344 5344 5344 5049 5049 5049 5049 200000 200000 200000 200000 200000 200000 200000 200000 5017 5017 5017 5017 5262 5262 5262 5262 5189 5189 5189 5189 5386 5386 5386 5386 5319 5319 5319 5319 5252 5252 5252 5252 5196 5196 5196 5196 5434 5434 5434 5434 5228 5228 5228 5228 5459 5459 5459 5459 5095 5095 5095 5095 5369 5369 5369 5369 5344 5344 5344 5344 5049 5049 5049 5049
 0 0 0 0 0 0 0 0 5017 5017 5017 5017 5262 5262 5262 5262 5189 5189 5189 5189 5386 5386 5386 5386 5319 5319 5319 5319 5252 5252 5252 5252 5196 5196 5196 5196 5434 5434 5434 5434 5228 5228 5228 5228 5459 5459 5459 5459 5095 5095 5095 5095 5369 5369 5369 5369 5344 5344 5344 5344 5049 5049 5049 5049 0 0 0 0 0 0 0 0 5017 5017 5017 5017 5262 5262 5262 5262 5189 5189 5189 5189 5386 5386 5386 5386 5319 5319 5319 5319 5252 5252 5252 5252 5196 5196 5196 5196 5434 5434 5434 5434 5228 5228 5228 5228 5459 5459 5459 5459 5095 5095 5095 5095 5369 5369 5369 5369 5344 5344 5344 5344 5049 5049 5049 5049

 200000 200000 200000 200000 200000 200000 200000 200000 5017 5017 5017 5017 5262 5262 5262 5262 5189 5189 5189 5189 5386 5386 5386 5386 5319 5319 5319 5319 5252 5252 5252 5252 5273 5273 5273 5273 5488 5488 5488 5488 5499 5499 5499 5499 5047 5047 5047 5047 5331 5331 5331 5331 5331 5331 5331 5331 5094 5094 5094 5094 5367 5367 5367 5367 200000 200000 200000 200000 200000 200000 200000 200000 5017 5017 5017 5017 5262 5262 5262 5262 5189 5189 5189 5189 5386 5386 5386 5386 5319 5319 5319 5319 5252 5252 5252 5252 5273 5273 5273 5273 5488 5488 5488 5488 5499 5499 5499 5499 5047 5047 5047 5047 5331 5331 5331 5331 5331 5331 5331 5331 5094 5094 5094 5094 5367 5367 5367 5367
 0 0 0 0 0 0 0 0 5017 5017 5017 5017 5262 5262 5262 5262 5189 5189 5189 5189 5386 5386 5386 5386 5319 5319 5319 5319 5252 5252 5252 5252 5273 5273 5273 5273 5488 5488 5488 5488 5499 5499 5499 5499 5047 5047 5047 5047 5331 5331 5331 5331 5331 5331 5331 5331 5094 5094 5094 5094 5367 5367 5367 5367 0 0 0 0 0 0 0 0 5017 5017 5017 5017 5262 5262 5262 5262 5189 5189 5189 5189 5386 5386 5386 5386 5319 5319 5319 5319 5252 5252 5252 5252 5273 5273 5273 5273 5488 5488 5488 5488 5499 5499 5499 5499 5047 5047 5047 5047 5331 5331 5331 5331 5331 5331 5331 5331 5094 5094 5094 5094 5367 5367 5367 5367

 200000 200000 200000 200000 200000 200000 200000 200000 5017 5017 5017 5017 5262 5262 5262 5262 5189 5189 5189 5189 5386 5386 5386 5386 5319 5319 5319 5319 5252 5252 5252 5252 5018 5018 5018 5018 5389 5389 5389 5389 5184 5184 5184 5184 5347 5347 5347 5347 5262 5262 5262 5262 5139 5139 5139 5139 5108 5108 5108 5108 5433 5433 5433 5433 200000 200000 200000 200000 200000 200000 200000 200000 5017 5017 5017 5017 5262 5262 5262 5262 5189 5189 5189 5189 5386 5386 5386 5386 5319 5319 5319 5319 5252 5252 5252 5252 5018 5018 5018 5018 5389 5389 5389 5389 5184 5184 5184 5184 5347 5347 5347 5347 5262 5262 5262 5262 5139 5139 5139 5139 5108 5108 5108 5108 5433 5433 5433 5433
 0 0 0 0 0 0 0 0 5017 5017 5017 5017 5262 5262 5262 5262 5189 5189 5189 5189 5386 5386 5386 5386 5319 5319 5319 5319 5252 5252 5252 5252 5018 5018 5018 5018 5389 5389 5389 5389 5184 5184 5184 5184 5347 5347 5347 5347 5262 5262 5262 5262 5139 5139 5139 5139 5108 5108 5108 5108 5433 5433 5433 5433 0 0 0 0 0 0 0 0 5017 5017 5017 5017 5262 5262 5262 5262 5189 5189 5189 5189 5386 5386 5386 5386 5319 5319 5319 5319 5252 5252 5252 5252 5018 5018 5018 5018 5389 5389 5389 5389 5184 5184 5184 5184 5347 5347 5347 5347 5262 5262 5262 5262 5139 5139 5139 5139 5108 5108 5108 5108 5433 5433 5433 5433

 200000 200000 200000 200000 200000 200000 200000 200000 5017 5017 5017 5017 5262 5262 5262 5262 5189 5189 5189 5189 5386 5386 5386 5386 5319 5319 5319 5319 5252 5252 5252 5252 5436 5436 5436 5436 5398 5398 5398 5398 5136 5136 5136 5136 5440 5440 5440 5440 5030 5030 5030 5030 5297 5297 5297 5297 5439 5439 5439 5439 5364 5364 5364 5364 200000 200000 200000 200000 200000 200000 200000 200000 5017 5017 5017 5017 5262 5262 5262 5262 5189 5189 5189 5189 5386 5386 5386 5386 5319 5319 5319 5319 5252 5252 5252 5252 5436 5436 5436 5436 5398 5398 5398 5398 5136 5136 5136 5136 5440 5440 5440 5440 5030 5030 5030 5030 5297 5297 5297 5297 5439 5439 5439 5439 5364 5364 5364 5364
 0 0 0 0 0 0 0 0 5017 5017 5017 5017 5262 5262 5262 5262 5189 5189 5189 5189 5386 5386 5386 5386 5319 5319 5319 5319 5252 5252 5252 5252 5436 5436 5436 5436 5398 5398 5398 5398 5136 5136 5136 5136 5440 5440 5440 5440 5030 5030 5030 5030 5297 5297 5297 5297 5439 5439 5439 5439 5364 5364 5364 5364 0 0 0 0 0 0 0 0 5017 5017 5017 5017 5262 5262 5262 5262 5189 5189 5189 5189 5386 5386 5386 5386 5319 5319 5319 5319 5252 5252 5252 5252 5436 5436 5436 5436 5398 5398 5398 5398 5136 5136 5136 5136 5440 5440 5440 5440 5030 5030 5030 5030 5297 5297 5297 5297 5439 5439 5439 5439 5364 5364 5364 5364

 200000 200000 200000 200000 200000 200000 200000 200000 5017 5017 5017 5017 5262 5262 5262 5262 5189 5189 5189 5189 5386 5386 5386 5386 5319 5319 5319 5319 5252 5252 5252 5252 5170 5170 5170 5170 5198 5198 5198 5198 5349 5349 5349 5349 5009 5009 5009 5009 5088 5088 5088 5088 5305 5305 5305 5305 5197 5197 5197 5197 5222 5222 5222 5222 200000 200000 200000 200000 200000 200000 200000 200000 5017 5017 5017 5017 5262 5262 5262 5262 5189 5189 5189 5189 5386 5386 5386 5386 5319 5319 5319 5319 5252 5252 5252 5252 5170 5170 5170 5170 5198 5198 5198 5198 5349 5349 5349 5349 5009 5009 5009 5009 5088 5088 5088 5088 5305 5305 5305 5305 5197 5197 5197 5197 5222 5222 5222 5222
 0 0 0 0 0 0 0 0 5017 5017 5017 5017 5262 5262 5262 5262 5189 5189 5189 5189 5386 5386 5386 5386 5319 5319 5319 5319 5252 5252 5252 5252 5170 5170 5170 5170 5198 5198 5198 5198 5349 5349 5349 5349 5009 5009 5009 5009 5088 5088 5088 5088 5305 5305 5305 5305 5197 5197 5197 5197 5222 5222 5222 5222 0 0 0 0 0 0 0 0 5017 5017 5017 5017 5262 5262 5262 5262 5189 5189 5189 5189 5386 5386 5386 5386 5319 5319 5319 5319 5252 5252 5252 5252 5170 5170 5170 5170 5198 5198 5198 5198 5349 5349 5349 5349 5009 5009 5009 5009 5088 5088 5088 5088 5305 5305 5305 5305 5197 5197 5197 5197 5222 5222 5222 5222

 200000 200000 200000 200000 200000 200000 200000 200000 5017 5017 5017 5017 5262 5262 5262 5262 5189 5189 5189 5189 5386 5386 5386 5386 5319 5319 5319 5319 5252 5252 5252 5252 5116 5116 5116 5116 5457 5457 5457 5457 5037 5037 5037 5037 5132 5132 5132 5132 5227 5227 5227 5227 5397 5397 5397 5397 5358 5358 5358 5358 5367 5367 5367 5367 200000 200000 200000 200000 200000 200000 200000 200000 5017 5017 5017 5017 5262 5262 5262 5262 5189 5189 5189 5189 5386 5386 5386 5386 5319 5319 5319 5319 5252 5252 5252 5252 5116 5116 5116 5116 5457 5457 5457 5457 5037 5037 5037 5037 5132 5132 5132 5132 5227 5227 5227 5227 5397 5397 5397 5397 5358 5358 5358 5358 5367 5367 5367 5367
 0 0 0 0 0 0 0 0 5017 5017 5017 5017 5262 5262 5262 5262 5189 5189 5189 5189 5386 5386 5386 5386 5319 5319 5319 5319 5252 5252 5252 5252 5116 5116 5116 5116 5457 5457 5457 5457 5037 5037 5037 5037 5132 5132 5132 5132 5227 5227 5227 5227 5397 5397 5397 5397 5358 5358 5358 5358 5367 5367 5367 5367 0 0 0 0 0 0 0 0 5017 5017 5017 5017 5262 5262 5262 5262 5189 5189 5189 5189 5386 5386 5386 5386 5319 5319 5319 5319 5252 5252 5252 5252 5116 5116 5116 5116 5457 5457 5457 5457 5037 5037 5037 5037 5132 5132 5132 5132 5227 5227 5227 5227 5397 5397 5397 5397 5358 5358 5358 5358 5367 5367 5367 5367

 200000 200000 200000 200000 200000 200000 200000 200000 5017 5017 5017 5017 5262 5262 5262 5262 5189 5189 5189 5189 5386 5386 5386 5386 5319 5319 5319 5319 5252 5252 5252 5252 5191 5191 5191 5191 5281 5281 5281 5281 5425 5425 5425 5425 5252 5252 5252 5252 5183 5183 5183 5183 5071 5071 5071 5071 5442 5442 5442 5442 5034 5034 5034 5034 200000 200000 200000 200000 200000 200000 200000 200000 5017 5017 5017 5017 5262 5262 5262 5262 5189 5189 5189 5189 5386 5386 5386 5386 5319 5319 5319 5319 5252 5252 5252 5252 5191 5191 5191 5191 5281 5281 5281 5281 5425 5425 5425 5425 5252 5252 5252 5252 5183 5183 5183 5183 5071 5071 5071 5071 5442 5442 5442 5442 5034 5034 5034 5034
 0 0 0 0 0 0 0 0 5017 5017 5017 5017 5262 5262 5262 5262 5189 5189 5189 5189 5386 5386 5386 5386 5319 5319 5319 5319 5252 5252 5252 5252 5191 5191 5191 5191 5281 5281 5281 5281 5425 5425 5425 5425 5252 5252 5252 5252 5183 5183 5183 5183 5071 5071 5071 5071 5442 5442 5442 5442 5034 5034 5034 5034 0 0 0 0 0 0 0 0 5017 5017 5017 5017 5262 5262 5262 5262 5189 5189 5189 5189 5386 5386 5386 5386 5319 5319 5319 5319 5252 5252 5252 5252 5191 5191 5191 5191 5281 5281 5281 5281 5425 5425 5425 5425 5252 5252 5252 5252 5183 5183 5183 5183 5071 5071 5071 5071 5442 5442 5442 5442 5034 5034 5034 5034

 200000 200000 200000 200000 200000 200000 200000 200000 5017 5017 5017 5017 5262 5262 5262 5262 5189 5189 5189 5189 5386 5386 5386 5386 5319 5319 5319 5319 5252 5252 5252 5252 5049 5049 5049 5049 5197 5197 5197 5197 5012 5012 5012 5012 5473 5473 5473 5473 5445 5445 5445 5445 5234 5234 5234 5234 5241 5241 5241 5241 5282 5282 5282 5282 200000 200000 200000 200000 200000 200000 200000 200000 5017 5017 5017 5017 5262 5262 5262 5262 5189 5189 5189 5189 5386 5386 5386 5386 5319 5319 5319 5319 5252 5252 5252 5252 5049 5049 5049 5049 5197 5197 5197 5197 5012 5012 5012 5012 5473 5473 5473 5473 5445 5445 5445 5445 5234 5234 5234 5234 5241 5241 5241 5241 5282 5282 5282 5282
 0 0 0 0 0 0 0 0 5017 5017 5017 5017 5262 5262 5262 5262 5189 5189 5189 5189 5386 5386 5386 5386 5319 5319 5319 5319 5252 5252 5252 5252 5049 5049 5049 5049 5197 5197 5197 5197 5012 5012 5012 5012 5473 5473 5473 5473 5445 5445 5445 5445 5234 5234 5234 5234 5241 5241 5241 5241 5282 5282 5282 5282 0 0 0 0 0 0 0 0 5017 5017 5017 5017 5262 5262 5262 5262 5189 5189 5189 5189 5386 5386 5386 5386 5319 5319 5319 5319 5252 5252 5252 5252 5049 5049 5049 5049 5197 5197 5197 5197 5012 5012 5012 5012 5473 5473 5473 5473 5445 5445 5445 5445 5234 5234 5234 5234 5241 5241 5241 5241 5282 5282 5282 5282

 200000 200000 200000 200000 200000 200000 200000 200000 5017 5017 5017 5017 5262 5262 5262 5262 5189 5189 5189 5189 5386 5386 5386 5386 5319 5319 5319 5319 5252 5252 5252 5252 5049 5049 5049 5049 5197 5197 5197 5197 5075 5075 5075 5075 5071 5071 5071 5071 5284 5284 5284 5284 5019 5019 5019 5019 5054 5054 5054 5054 5346 5346 5346 5346 200000 200000 200000 200000 200000 200000 200000 200000 5017 5017 5017 5017 5262 5262 5262 5262 5189 5189 5189 5189 5386 5386 5386 5386 5319 5319 5319 5319 5252 5252 5252 5252 5049 5049 5049 5049 5197 5197 5197 5197 5075 5075 5075 5075 5071 5071 5071 5071 5284 5284 5284 5284 5019 5019 5019 5019 5054 5054 5054 5054 5346 5346 5346 5346
 0 0 0 0 0 0 0 0 5017 5017 5017 5017 5262 5262 5262 5262 5189 5189 5189 5189 5386 5386 5386 5386 5319 5319 5319 5319 5252 5252 5252 5252 5049 5049 5049 5049 5197 5197 5197 5197 5075 5075 5075 5075 5071 5071 5071 5071 5284 5284 5284 5284 5019 5019 5019 5019 5054 5054 5054 5054 5346 5346 5346 5346 0 0 0 0 0 0 0 0 5017 5017 5017 5017 5262 5262 5262 5262 5189 5189 5189 5189 5386 5386 5386 5386 5319 5319 5319 5319 5252 5252 5252 5252 5049 5049 5049 5049 5197 5197 5197 5197 5075 5075 5075 5075 5071 5071 5071 5071 5284 5284 5284 5284 5019 5019 5019 5019 5054 5054 5054 5054 5346 5346 5346 5346

 200000 200000 200000 200000 200000 200000 200000 200000 5017 5017 5017 5017 5262 5262 5262 5262 5189 5189 5189 5189 5386 5386 5386 5386 5319 5319 5319 5319 5252 5252 5252 5252 5049 5049 5049 5049 5197 5197 5197 5197 5075 5075 5075 5075 5071 5071 5071 5071 5020 5020 5020 5020 5092 5092 5092 5092 5467 5467 5467 5467 5198 5198 5198 5198 200000 200000 200000 200000 200000 200000 200000 200000 5017 5017 5017 5017 5262 5262 5262 5262 5189 5189 5189 5189 5386 5386 5386 5386 5319 5319 5319 5319 5252 5252 5252 5252 5049 5049 5049 5049 5197 5197 5197 5197 5075 5075 5075 5075 5071 5071 5071 5071 5020 5020 5020 5020 5092 5092 5092 5092 5467 5467 5467 5467 5198 5198 5198 5198
 0 0 0 0 0 0 0 0 5017 5017 5017 5017 5262 5262 5262 5262 5189 5189 5189 5189 5386 5386 5386 5386 5319 5319 5319 5319 5252 5252 5252 5252 5049 5049 5049 5049 5197 5197 5197 5197 5075 5075 5075 5075 5071 5071 5071 5071 5020 5020 5020 5020 5092 5092 5092 5092 5467 5467 5467 5467 5198 5198 5198 5198 0 0 0 0 0 0 0 0 5017 5017 5017 5017 5262 5262 5262 5262 5189 5189 5189 5189 5386 5386 5386 5386 5319 5319 5319 5319 5252 5252 5252 5252 5049 5049 5049 5049 5197 5197 5197 5197 5075 5075 5075 5075 5071 5071 5071 5071 5020 5020 5020 5020 5092 5092 5092 5092 5467 5467 5467 5467 5198 5198 5198 5198

 200000 200000 200000 200000 200000 200000 200000 200000 5017 5017 5017 5017 5262 5262 5262 5262 5189 5189 5189 5189 5386 5386 5386 5386 5319 5319 5319 5319 5252 5252 5252 5252 5049 5049 5049 5049 5197 5197 5197 5197 5075 5075 5075 5075 5071 5071 5071 5071 5111 5111 5111 5111 5316 5316 5316 5316 5066 5066 5066 5066 5081 5081 5081 5081 200000 200000 200000 200000 200000 200000 200000 200000 5017 5017 5017 5017 5262 5262 5262 5262 5189 5189 5189 5189 5386 5386 5386 5386 5319 5319 5319 5319 5252 5252 5252 5252 5049 5049 5049 5049 5197 5197 5197 5197 5075 5075 5075 5075 5071 5071 5071 5071 5111 5111 5111 5111 5316 5316 5316 5316 5066 5066 5066 5066 5081 5081 5081 5081
 0 0 0 0 0 0 0 0 5017 5017 5017 5017 5262 5262 5262 5262 5189 5189 5189 5189 5386 5386 5386 5386 5319 5319 5319 5319 5252 5252 5252 5252 5049 5049 5049 5049 5197 5197 5197 5197 5075 5075 5075 5075 5071 5071 5071 5071 5111 5111 5111 5111 5316 5316 5316 5316 5066 5066 5066 5066 5081 5081 5081 5081 0 0 0 0 0 0 0 0 5017 5017 5017 5017 5262 5262 5262 5262 5189 5189 5189 5189 5386 5386 5386 5386 5319 5319 5319 5319 5252 5252 5252 5252 5049 5049 5049 5049 5197 5197 5197 5197 5075 5075 5075 5075 5071 5071 5071 5071 5111 5111 5111 5111 5316 5316 5316 5316 5066 5066 5066 5066 5081 5081 5081 5081

 200000 200000 200000 200000 200000 200000 200000 200000 5017 5017 5017 5017 5262 5262 5262 5262 5189 5189 5189 5189 5386 5386 5386 5386 5319 5319 5319 5319 5252 5252 5252 5252 5049 5049 5049 5049 5197 5197 5197 5197 5075 5075 5075 5075 5071 5071 5071 5071 5107 5107 5107 5107 5366 5366 5366 5366 5117 5117 5117 5117 5421 5421 5421 5421 200000 200000 200000 200000 200000 200000 200000 200000 5017 5017 5017 5017 5262 5262 5262 5262 5189 5189 5189 5189 5386 5386 5386 5386 5319 5319 5319 5319 5252 5252 5252 5252 5049 5049 5049 5049 5197 5197 5197 5197 5075 5075 5075 5075 5071 5071 5071 5071 5107 5107 5107 5107 5366 5366 5366 5366 5117 5117 5117 5117 5421 5421 5421 5421
 0 0 0 0 0 0 0 0 5017 5017 5017 5017 5262 5262 5262 5262 5189 5189 5189 5189 5386 5386 5386 5386 5319 5319 5319 5319 5252 5252 5252 5252 5049 5049 5049 5049 5197 5197 5197 5197 5075 5075 5075 5075 5071 5071 5071 5071 5107 5107 5107 5107 5366 5366 5366 5366 5117 5117 5117 5117 5421 5421 5421 5421 0 0 0 0 0 0 0 0 5017 5017 5017 5017 5262 5262 5262 5262 5189 5189 5189 5189 5386 5386 5386 5386 5319 5319 5319 5319 5252 5252 5252 5252 5049 5049 5049 5049 5197 5197 5197 5197 5075 5075 5075 5075 5071 5071 5071 5071 5107 5107 5107 5107 5366 5366 5366 5366 5117 5117 5117 5117 5421 5421 5421 5421

 200000 200000 200000 200000 200000 200000 200000 200000 5017 5017 5017 5017 5262 5262 5262 5262 5189 5189 5189 5189 5386 5386 5386 5386 5319 5319 5319 5319 5252 5252 5252 5252 5049 5049 5049 5049 5197 5197 5197 5197 5075 5075 5075 5075 5071 5071 5071 5071 5328 5328 5328 5328 5375 5375 5375 5375 5293 5293 5293 5293 5004 5004 5004 5004 200000 200000 200000 200000 200000 200000 200000 200000 5017 5017 5017 5017 5262 5262 5262 5262 5189 5189 5189 5189 5386 5386 5386 5386 5319 5319 5319 5319 5252 5252 5252 5252 5049 5049 5049 5049 5197 5197 5197 5197 5075 5075 5075 5075 5071 5071 5071 5071 5328 5328 5328 5328 5375 5375 5375 5375 5293 5293 5293 5293 5004 5004 5004 5004
 0 0 0 0 0 0 0 0 5017 5017 5017 5017 5262 5262 5262 5262 5189 5189 5189 5189 5386 5386 5386 5386 5319 5319 5319 5319 5252 5252 5252 5252 5049 5049 5049 5049 5197 5197 5197 5197 5075 5075 5075 5075 5071 5071 5071 5071 5328 5328 5328 5328 5375 5375 5375 5375 5293 5293 5293 5293 5004 5004 5004 5004 0 0 0 0 0 0 0 0 5017 5017 5017 5017 5262 5262 5262 5262 5189 5189 5189 5189 5386 5386 5386 5386 5319 5319 5319 5319 5252 5252 5252 5252 5049 5049 5049 5049 5197 5197 5197 5197 5075 5075 5075 5075 5071 5071 5071 5071 5328 5328 5328 5328 5375 5375 5375 5375 5293 5293 5293 5293 5004 5004 5004 5004

 200000 200000 200000 200000 200000 200000 200000 200000 5017 5017 5017 5017 5262 5262 5262 5262 5189 5189 5189 5189 5386 5386 5386 5386 5319 5319 5319 5319 5252 5252 5252 5252 5049 5049 5049 5049 5197 5197 5197 5197 5075 5075 5075 5075 5071 5071 5071 5071 5036 5036 5036 5036 5476 5476 5476 5476 5245 5245 5245 5245 5456 5456 5456 5456 200000 200000 200000 200000 200000 200000 200000 200000 5017 5017 5017 5017 5262 5262 5262 5262 5189 5189 5189 5189 5386 5386 5386 5386 5319 5319 5319 5319 5252 5252 5252 5252 5049 5049 5049 5049 5197 5197 5197 5197 5075 5075 5075 5075 5071 5071 5071 5071 5036 5036 5036 5036 5476 5476 5476 5476 5245 5245 5245 5245 5456 5456 5456 5456
 0 0 0 0 0 0 0 0 5017 5017 5017 5017 5262 5262 5262 5262 5189 5189 5189 5189 5386 5386 5386 5386 5319 5319 5319 5319 5252 5252 5252 5252 5049 5049 5049 5049 5197 5197 5197 5197 5075 5075 5075 5075 5071 5071 5071 5071 5036 5036 5036 5036 5476 5476 5476 5476 5245 5245 5245 5245 5456 5456 5456 5456 0 0 0 0 0 0 0 0 5017 5017 5017 5017 5262 5262 5262 5262 5189 5189 5189 5189 5386 5386 5386 5386 5319 5319 5319 5319 5252 5252 5252 5252 5049 5049 5049 5049 5197 5197 5197 5197 5075 5075 5075 5075 5071 5071 5071 5071 5036 5036 5036 5036 5476 5476 5476 5476 5245 5245 5245 5245 5456 5456 5456 5456

 200000 200000 200000 200000 200000 200000 200000 200000 5017 5017 5017 5017 5262 5262 5262 5262 5189 5189 5189 5189 5386 5386 5386 5386 5319 5319 5319 5319 5252 5252 5252 5252 5049 5049 5049 5049 5197 5197 5197 5197 5075 5075 5075 5075 5071 5071 5071 5071 5126 5126 5126 5126 5114 5114 5114 5114 5259 5259 5259 5259 5086 5086 5086 5086 200000 200000 200000 200000 200000 200000 200000 200000 5017 5017 5017 5017 5262 5262 5262 5262 5189 5189 5189 5189 5386 5386 5386 5386 5319 5319 5319 5319 5252 5252 5252 5252 5049 5049 5049 5049 5197 5197 5197 5197 5075 5075 5075 5075 5071 5071 5071 5071 5126 5126 5126 5126 5114 5114 5114 5114 5259 5259 5259 5259 5086 5086 5086 5086
 0 0 0 0 0 0 0 0 5017 5017 5017 5017 5262 5262 5262 5262 5189 5189 5189 5189 5386 5386 5386 5386 5319 5319 5319 5319 5252 5252 5252 5252 5049 5049 5049 5049 5197 5197 5197 5197 5075 5075 5075 5075 5071 5071 5071 5071 5126 5126 5126 5126 5114 5114 5114 5114 5259 5259 5259 5259 5086 5086 5086 5086 0 0 0 0 0 0 0 0 5017 5017 5017 5017 5262 5262 5262 5262 5189 5189 5189 5189 5386 5386 5386 5386 5319 5319 5319 5319 5252 5252 5252 5252 5049 5049 5049 5049 5197 5197 5197 5197 5075 5075 5075 5075 5071 5071 5071 5071 5126 5126 5126 5126 5114 5114 5114 5114 5259 5259 5259 5259 5086 5086 5086 5086

 200000 200000 200000 200000 200000 200000 200000 200000 5017 5017 5017 5017 5262 5262 5262 5262 5189 5189 5189 5189 5386 5386 5386 5386 5319 5319 5319 5319 5252 5252 5252 5252 5049 5049 5049 5049 5197 5197 5197 5197 5075 5075 5075 5075 5071 5071 5071 5071 5326 5326 5326 5326 5083 5083 5083 5083 5084 5084 5084 5084 5196 5196 5196 5196 200000 200000 200000 200000 200000 200000 200000 200000 5017 5017 5017 5017 5262 5262 5262 5262 5189 5189 5189 5189 5386 5386 5386 5386 5319 5319 5319 5319 5252 5252 5252 5252 5049 5049 5049 5049 5197 5197 5197 5197 5075 5075 5075 5075 5071 5071 5071 5071 5326 5326 5326 5326 5083 5083 5083 5083 5084 5084 5084 5084 5196 5196 5196 5196
 0 0 0 0 0 0 0 0 5017 5017 5017 5017 5262 5262 5262 5262 5189 5189 5189 5189 5386 5386 5386 5386 5319 5319 5319 5319 5252 5252 5252 5252 5049 5049 5049 5049 5197 5197 5197 5197 5075 5075 5075 5075 5071 5071 5071 5071 5326 5326 5326 5326 5083 5083 5083 5083 5084 5084 5084 5084 5196 5196 5196 5196 0 0 0 0 0 0 0 0 5017 5017 5017 5017 5262 5262 5262 5262 5189 5189 5189 5189 5386 5386 5386 5386 5319 5319 5319 5319 5252 5252 5252 5252 5049 5049 5049 5049 5197 5197 5197 5197 5075 5075 5075 5075 5071 5071 5071 5071 5326 5326 5326 5326 5083 5083 5083 5083 5084 5084 5084 5084 5196 5196 5196 5196

 200000 200000 200000 200000 200000 200000 200000 200000 5017 5017 5017 5017 5262 5262 5262 5262 5189 5189 5189 5189 5386 5386 5386 5386 5319 5319 5319 5319 5252 5252 5252 5252 5049 5049 5049 5049 5197 5197 5197 5197 5075 5075 5075 5075 5071 5071 5071 5071 5472 5472 5472 5472 5397 5397 5397 5397 5316 5316 5316 5316 5096 5096 5096 5096 200000 200000 200000 200000 200000 200000 200000 200000 5017 5017 5017 5017 5262 5262 5262 5262 5189 5189 5189 5189 5386 5386 5386 5386 5319 5319 5319 5319 5252 5252 5252 5252 5049 5049 5049 5049 5197 5197 5197 5197 5075 5075 5075 5075 5071 5071 5071 5071 5472 5472 5472 5472 5397 5397 5397 5397 5316 5316 5316 5316 5096 5096 5096 5096
 0 0 0 0 0 0 0 0 5017 5017 5017 5017 5262 5262 5262 5262 5189 5189 5189 5189 5386 5386 5386 5386 5319 5319 5319 5319 5252 5252 5252 5252 5049 5049 5049 5049 5197 5197 5197 5197 5075 5075 5075 5075 5071 5071 5071 5071 5472 5472 5472 5472 5397 5397 5397 5397 5316 5316 5316 5316 5096 5096 5096 5096 0 0 0 0 0 0 0 0 5017 5017 5017 5017 5262 5262 5262 5262 5189 5189 5189 5189 5386 5386 5386 5386 5319 5319 5319 5319 5252 5252 5252 5252 5049 5049 5049 5049 5197 5197 5197 5197 5075 5075 5075 5075 5071 5071 5071 5071 5472 5472 5472 5472 5397 5397 5397 5397 5316 5316 5316 5316 5096 5096 5096 5096

 200000 200000 200000 200000 200000 200000 200000 200000 5017 5017 5017 5017 5262 5262 5262 5262 5189 5189 5189 5189 5386 5386 5386 5386 5319 5319 5319 5319 5252 5252 5252 5252 5049 5049 5049 5049 5197 5197 5197 5197 5075 5075 5075 5075 5071 5071 5071 5071 5258 5258 5258 5258 5014 5014 5014 5014 5082 5082 5082 5082 5210 5210 5210 5210 200000 200000 200000 200000 200000 200000 200000 200000 5017 5017 5017 5017 5262 5262 5262 5262 5189 5189 5189 5189 5386 5386 5386 5386 5319 5319 5319 5319 5252 5252 5252 5252 5049 5049 5049 5049 5197 5197 5197 5197 5075 5075 5075 5075 5071 5071 5071 5071 5258 5258 5258 5258 5014 5014 5014 5014 5082 5082 5082 5082 5210 5210 5210 5210
 0 0 0 0 0 0 0 0 5017 5017 5017 5017 5262 5262 5262 5262 5189 5189 5189 5189 5386 5386 5386 5386 5319 5319 5319 5319 5252 5252 5252 5252 5049 5049 5049 5049 5197 5197 5197 5197 5075 5075 5075 5075 5071 5071 5071 5071 5258 5258 5258 5258 5014 5014 5014 5014 5082 5082 5082 5082 5210 5210 5210 5210 0 0 0 0 0 0 0 0 5017 5017 5017 5017 5262 5262 5262 5262 5189 5189 5189 5189 5386 5386 5386 5386 5319 5319 5319 5319 5252 5252 5252 5252 5049 5049 5049 5049 5197 5197 5197 5197 5075 5075 5075 5075 5071 5071 5071 5071 5258 5258 5258 5258 5014 5014 5014 5014 5082 5082 5082 5082 5210 5210 5210 5210

 200000 200000 200000 200000 200000 200000 200000 200000 5017 5017 5017 5017 5262 5262 5262 5262 5189 5189 5189 5189 5386 5386 5386 5386 5319 5319 5319 5319 5252 5252 5252 5252 5049 5049 5049 5049 5197 5197 5197 5197 5075 5075 5075 5075 5071 5071 5071 5071 5169 5169 5169 5169 5323 5323 5323 5323 5247 5247 5247 5247 5182 5182 5182 5182 200000 200000 200000 200000 200000 200000 200000 200000 5017 5017 5017 5017 5262 5262 5262 5262 5189 5189 5189 5189 5386 5386 5386 5386 5319 5319 5319 5319 5252 5252 5252 5252 5049 5049 5049 5049 5197 5197 5197 5197 5075 5075 5075 5075 5071 5071 5071 5071 5169 5169 5169 5169 5323 5323 5323 5323 5247 5247 5247 5247 5182 5182 5182 5182
 0 0 0 0 0 0 0 0 5017 5017 5017 5017 5262 5262 5262 5262 5189 5189 5189 5189 5386 5386 5386 5386 5319 5319 5319 5319 5252 5252 5252 5252 5049 5049 5049 5049 5197 5197 5197 5197 5075 5075 5075 5075 5071 5071 5071 5071 5169 5169 5169 5169 5323 5323 5323 5323 5247 5247 5247 5247 5182 5182 5182 5182 0 0 0 0 0 0 0 0 5017 5017 5017 5017 5262 5262 5262 5262 5189 5189 5189 5189 5386 5386 5386 5386 5319 5319 5319 5319 5252 5252 5252 5252 5049 5049 5049 5049 5197 5197 5197 5197 5075 5075 5075 5075 5071 5071 5071 5071 5169 5169 5169 5169 5323 5323 5323 5323 5247 5247 5247 5247 5182 5182 5182 5182

 200000 200000 200000 200000 200000 200000 200000 200000 5017 5017 5017 5017 5262 5262 5262 5262 5189 5189 5189 5189 5386 5386 5386 5386 5319 5319 5319 5319 5252 5252 5252 5252 5049 5049 5049 5049 5197 5197 5197 5197 5075 5075 5075 5075 5071 5071 5071 5071 5416 5416 5416 5416 5170 5170 5170 5170 5249 5249 5249 5249 5328 5328 5328 5328 200000 200000 200000 200000 200000 200000 200000 200000 5017 5017 5017 5017 5262 5262 5262 5262 5189 5189 5189 5189 5386 5386 5386 5386 5319 5319 5319 5319 5252 5252 5252 5252 5049 5049 5049 5049 5197 5197 5197 5197 5075 5075 5075 5075 5071 5071 5071 5071 5416 5416 5416 5416 5170 5170 5170 5170 5249 5249 5249 5249 5328 5328 5328 5328
 0 0 0 0 0 0 0 0 5017 5017 5017 5017 5262 5262 5262 5262 5189 5189 5189 5189 5386 5386 5386 5386 5319 5319 5319 5319 5252 5252 5252 5252 5049 5049 5049 5049 5197 5197 5197 5197 5075 5075 5075 5075 5071 5071 5071 5071 5416 5416 5416 5416 5170 5170 5170 5170 5249 5249 5249 5249 5328 5328 5328 5328 0 0 0 0 0 0 0 0 5017 5017 5017 5017 5262 5262 5262 5262 5189 5189 5189 5189 5386 5386 5386 5386 5319 5319 5319 5319 5252 5252 5252 5252 5049 5049 5049 5049 5197 5197 5197 5197 5075 5075 5075 5075 5071 5071 5071 5071 5416 5416 5416 5416 5170 5170 5170 5170 5249 5249 5249 5249 5328 5328 5328 5328

 200000 200000 200000 200000 200000 200000 200000 200000 5017 5017 5017 5017 5262 5262 5262 5262 5189 5189 5189 5189 5386 5386 5386 5386 5319 5319 5319 5319 5252 5252 5252 5252 5049 5049 5049 5049 5197 5197 5197 5197 5075 5075 5075 5075 5071 5071 5071 5071 5255 5255 5255 5255 5163 5163 5163 5163 5108 5108 5108 5108 5150 5150 5150 5150 200000 200000 200000 200000 200000 200000 200000 200000 5017 5017 5017 5017 5262 5262 5262 5262 5189 5189 5189 5189 5386 5386 5386 5386 5319 5319 5319 5319 5252 5252 5252 5252 5049 5049 5049 5049 5197 5197 5197 5197 5075 5075 5075 5075 5071 5071 5071 5071 5255 5255 5255 5255 5163 5163 5163 5163 5108 5108 5108 5108 5150 5150 5150 5150
 0 0 0 0 0 0 0 0 5017 5017 5017 5017 5262 5262 5262 5262 5189 5189 5189 5189 5386 5386 5386 5386 5319 5319 5319 5319 5252 5252 5252 5252 5049 5049 5049 5049 5197 5197 5197 5197 5075 5075 5075 5075 5071 5071 5071 5071 5255 5255 5255 5255 5163 5163 5163 5163 5108 5108 5108 5108 5150 5150 5150 5150 0 0 0 0 0 0 0 0 5017 5017 5017 5017 5262 5262 5262 5262 5189 5189 5189 5189 5386 5386 5386 5386 5319 5319 5319 5319 5252 5252 5252 5252 5049 5049 5049 5049 5197 5197 5197 5197 5075 5075 5075 5075 5071 5071 5071 5071 5255 5255 5255 5255 5163 5163 5163 5163 5108 5108 5108 5108 5150 5150 5150 5150

 200000 200000 200000 200000 200000 200000 200000 200000 5017 5017 5017 5017 5262 5262 5262 5262 5189 5189 5189 5189 5386 5386 5386 5386 5319 5319 5319 5319 5252 5252 5252 5252 5049 5049 5049 5049 5197 5197 5197 5197 5075 5075 5075 5075 5071 5071 5071 5071 5065 5065 5065 5065 5401 5401 5401 5401 5034 5034 5034 5034 5125 5125 5125 5125 200000 200000 200000 200000 200000 200000 200000 200000 5017 5017 5017 5017 5262 5262 5262 5262 5189 5189 5189 5189 5386 5386 5386 5386 5319 5319 5319 5319 5252 5252 5252 5252 5049 5049 5049 5049 5197 5197 5197 5197 5075 5075 5075 5075 5071 5071 5071 5071 5065 5065 5065 5065 5401 5401 5401 5401 5034 5034 5034 5034 5125 5125 5125 5125
 0 0 0 0 0 0 0 0 5017 5017 5017 5017 5262 5262 5262 5262 5189 5189 5189 5189 5386 5386 5386 5386 5319 5319 5319 5319 5252 5252 5252 5252 5049 5049 5049 5049 5197 5197 5197 5197 5075 5075 5075 5075 5071 5071 5071 5071 5065 5065 5065 5065 5401 5401 5401 5401 5034 5034 5034 5034 5125 5125 5125 5125 0 0 0 0 0 0 0 0 5017 5017 5017 5017 5262 5262 5262 5262 5189 5189 5189 5189 5386 5386 5386 5386 5319 5319 5319 5319 5252 5252 5252 5252 5049 5049 5049 5049 5197 5197 5197 5197 5075 5075 5075 5075 5071 5071 5071 5071 5065 5065 5065 5065 5401 5401 5401 5401 5034 5034 5034 5034 5125 5125 5125 5125

 200000 200000 200000 200000 200000 200000 200000 200000 5017 5017 5017 5017 5262 5262 5262 5262 5189 5189 5189 5189 5386 5386 5386 5386 5319 5319 5319 5319 5252 5252 5252 5252 5049 5049 5049 5049 5197 5197 5197 5197 5075 5075 5075 5075 5071 5071 5071 5071 5207 5207 5207 5207 5393 5393 5393 5393 5222 5222 5222 5222 5437 5437 5437 5437 200000 200000 200000 200000 200000 200000 200000 200000 5017 5017 5017 5017 5262 5262 5262 5262 5189 5189 5189 5189 5386 5386 5386 5386 5319 5319 5319 5319 5252 5252 5252 5252 5049 5049 5049 5049 5197 5197 5197 5197 5075 5075 5075 5075 5071 5071 5071 5071 5207 5207 5207 5207 5393 5393 5393 5393 5222 5222 5222 5222 5437 5437 5437 5437
 0 0 0 0 0 0 0 0 5017 5017 5017 5017 5262 5262 5262 5262 5189 5189 5189 5189 5386 5386 5386 5386 5319 5319 5319 5319 5252 5252 5252 5252 5049 5049 5049 5049 5197 5197 5197 5197 5075 5075 5075 5075 5071 5071 5071 5071 5207 5207 5207 5207 5393 5393 5393 5393 5222 5222 5222 5222 5437 5437 5437 5437 0 0 0 0 0 0 0 0 5017 5017 5017 5017 5262 5262 5262 5262 5189 5189 5189 5189 5386 5386 5386 5386 5319 5319 5319 5319 5252 5252 5252 5252 5049 5049 5049 5049 5197 5197 5197 5197 5075 5075 5075 5075 5071 5071 5071 5071 5207 5207 5207 5207 5393 5393 5393 5393 5222 5222 5222 5222 5437 5437 5437 5437

 200000 200000 200000 200000 200000 200000 200000 200000 5017 5017 5017 5017 5262 5262 5262 5262 5189 5189 5189 5189 5386 5386 5386 5386 5319 5319 5319 5319 5252 5252 5252 5252 5049 5049 5049 5049 5197 5197 5197 5197 5075 5075 5075 5075 5071 5071 5071 5071 5090 5090 5090 5090 5083 5083 5083 5083 5045 5045 5045 5045 5356 5356 5356 5356 200000 200000 200000 200000 200000 200000 200000 200000 5017 5017 5017 5017 5262 5262 5262 5262 5189 5189 5189 5189 5386 5386 5386 5386 5319 5319 5319 5319 5252 5252 5252 5252 5049 5049 5049 5049 5197 5197 5197 5197 5075 5075 5075 5075 5071 5071 5071 5071 5090 5090 5090 5090 5083 5083 5083 5083 5045 5045 5045 5045 5356 5356 5356 5356
 0 0 0 0 0 0 0 0 5017 5017 5017 5017 5262 5262 5262 5262 5189 5189 5189 5189 5386 5386 5386 5386 5319 5319 5319 5319 5252 5252 5252 5252 5049 5049 5049 5049 5197 5197 5197 5197 5075 5075 5075 5075 5071 5071 5071 5071 5090 5090 5090 5090 5083 5083 5083 5083 5045 5045 5045 5045 5356 5356 5356 5356 0 0 0 0 0 0 0 0 5017 5017 5017 5017 5262 5262 5262 5262 5189 5189 5189 5189 5386 5386 5386 5386 5319 5319 5319 5319 5252 5252 5252 5252 5049 5049 5049 5049 5197 5197 5197 5197 5075 5075 5075 5075 5071 5071 5071 5071 5090 5090 5090 5090 5083 5083 5083 5083 5045 5045 5045 5045 5356 5356 5356 5356

 200000 200000 200000 200000 200000 200000 200000 200000 5017 5017 5017 5017 5262 5262 5262 5262 5189 5189 5189 5189 5386 5386 5386 5386 5319 5319 5319 5319 5252 5252 5252 5252 5049 5049 5049 5049 5197 5197 5197 5197 5075 5075 5075 5075 5071 5071 5071 5071 5428 5428 5428 5428 5265 5265 5265 5265 5019 5019 5019 5019 5062 5062 5062 5062 200000 200000 200000 200000 200000 200000 200000 200000 5017 5017 5017 5017 5262 5262 5262 5262 5189 5189 5189 5189 5386 5386 5386 5386 5319 5319 5319 5319 5252 5252 5252 5252 5049 5049 5049 5049 5197 5197 5197 5197 5075 5075 5075 5075 5071 5071 5071 5071 5428 5428 5428 5428 5265 5265 5265 5265 5019 5019 5019 5019 5062 5062 5062 5062
 0 0 0 0 0 0 0 0 5017 5017 5017 5017 5262 5262 5262 5262 5189 5189 5189 5189 5386 5386 5386 5386 5319 5319 5319 5319 5252 5252 5252 5252 5049 5049 5049 5049 5197 5197 5197 5197 5075 5075 5075 5075 5071 5071 5071 5071 5428 5428 5428 5428 5265 5265 5265 5265 5019 5019 5019 5019 5062 5062 5062 5062 0 0 0 0 0 0 0 0 5017 5017 5017 5017 5262 5262 5262 5262 5189 5189 5189 5189 5386 5386 5386 5386 5319 5319 5319 5319 5252 5252 5252 5252 5049 5049 5049 5049 5197 5197 5197 5197 5075 5075 5075 5075 5071 5071 5071 5071 5428 5428 5428 5428 5265 5265 5265 5265 5019 5019 5019 5019 5062 5062 5062 5062

 200000 200000 200000 200000 200000 200000 200000 200000 5017 5017 5017 5017 5262 5262 5262 5262 5189 5189 5189 5189 5386 5386 5386 5386 5319 5319 5319 5319 5252 5252 5252 5252 5049 5049 5049 5049 5197 5197 5197 5197 5075 5075 5075 5075 5071 5071 5071 5071 5225 5225 5225 5225 5086 5086 5086 5086 5326 5326 5326 5326 5376 5376 5376 5376 200000 200000 200000 200000 200000 200000 200000 200000 5017 5017 5017 5017 5262 5262 5262 5262 5189 5189 5189 5189 5386 5386 5386 5386 5319 5319 5319 5319 5252 5252 5252 5252 5049 5049 5049 5049 5197 5197 5197 5197 5075 5075 5075 5075 5071 5071 5071 5071 5225 5225 5225 5225 5086 5086 5086 5086 5326 5326 5326 5326 5376 5376 5376 5376
 0 0 0 0 0 0 0 0 5017 5017 5017 5017 5262 5262 5262 5262 5189 5189 5189 5189 5386 5386 5386 5386 5319 5319 5319 5319 5252 5252 5252 5252 5049 5049 5049 5049 5197 5197 5197 5197 5075 5075 5075 5075 5071 5071 5071 5071 5225 5225 5225 5225 5086 5086 5086 5086 5326 5326 5326 5326 5376 5376 5376 5376 0 0 0 0 0 0 0 0 5017 5017 5017 5017 5262 5262 5262 5262 5189 5189 5189 5189 5386 5386 5386 5386 5319 5319 5319 5319 5252 5252 5252 5252 5049 5049 5049 5049 5197 5197 5197 5197 5075 5075 5075 5075 5071 5071 5071 5071 5225 5225 5225 5225 5086 5086 5086 5086 5326 5326 5326 5326 5376 5376 5376 5376

 200000 200000 200000 200000 200000 200000 200000 200000 5017 5017 5017 5017 5262 5262 5262 5262 5189 5189 5189 5189 5386 5386 5386 5386 5319 5319 5319 5319 5252 5252 5252 5252 5049 5049 5049 5049 5197 5197 5197 5197 5075 5075 5075 5075 5071 5071 5071 5071 5109 5109 5109 5109 5318 5318 5318 5318 5028 5028 5028 5028 5329 5329 5329 5329 200000 200000 200000 200000 200000 200000 200000 200000 5017 5017 5017 5017 5262 5262 5262 5262 5189 5189 5189 5189 5386 5386 5386 5386 5319 5319 5319 5319 5252 5252 5252 5252 5049 5049 5049 5049 5197 5197 5197 5197 5075 5075 5075 5075 5071 5071 5071 5071 5109 5109 5109 5109 5318 5318 5318 5318 5028 5028 5028 5028 5329 5329 5329 5329
 0 0 0 0 0 0 0 0 5017 5017 5017 5017 5262 5262 5262 5262 5189 5189 5189 5189 5386 5386 5386 5386 5319 5319 5319 5319 5252 5252 5252 5252 5049 5049 5049 5049 5197 5197 5197 5197 5075 5075 5075 5075 5071 5071 5071 5071 5109 5109 5109 5109 5318 5318 5318 5318 5028 5028 5028 5028 5329 5329 5329 5329 0 0 0 0 0 0 0 0 5017 5017 5017 5017 5262 5262 5262 5262 5189 5189 5189 5189 5386 5386 5386 5386 5319 5319 5319 5319 5252 5252 5252 5252 5049 5049 5049 5049 5197 5197 5197 5197 5075 5075 5075 5075 5071 5071 5071 5071 5109 5109 5109 5109 5318 5318 5318 5318 5028 5028 5028 5028 5329 5329 5329 5329

 200000 200000 200000 200000 200000 200000 200000 200000 5017 5017 5017 5017 5262 5262 5262 5262 5189 5189 5189 5189 5386 5386 5386 5386 5319 5319 5319 5319 5252 5252 5252 5252 5049 5049 5049 5049 5197 5197 5197 5197 5075 5075 5075 5075 5071 5071 5071 5071 5237 5237 5237 5237 5227 5227 5227 5227 5414 5414 5414 5414 5447 5447 5447 5447 200000 200000 200000 200000 200000 200000 200000 200000 5017 5017 5017 5017 5262 5262 5262 5262 5189 5189 5189 5189 5386 5386 5386 5386 5319 5319 5319 5319 5252 5252 5252 5252 5049 5049 5049 5049 5197 5197 5197 5197 5075 5075 5075 5075 5071 5071 5071 5071 5237 5237 5237 5237 5227 5227 5227 5227 5414 5414 5414 5414 5447 5447 5447 5447
 0 0 0 0 0 0 0 0 5017 5017 5017 5017 5262 5262 5262 5262 5189 5189 5189 5189 5386 5386 5386 5386 5319 5319 5319 5319 5252 5252 5252 5252 5049 5049 5049 5049 5197 5197 5197 5197 5075 5075 5075 5075 5071 5071 5071 5071 5237 5237 5237 5237 5227 5227 5227 5227 5414 5414 5414 5414 5447 5447 5447 5447 0 0 0 0 0 0 0 0 5017 5017 5017 5017 5262 5262 5262 5262 5189 5189 5189 5189 5386 5386 5386 5386 5319 5319 5319 5319 5252 5252 5252 5252 5049 5049 5049 5049 5197 5197 5197 5197 5075 5075 5075 5075 5071 5071 5071 5071 5237 5237 5237 5237 5227 5227 5227 5227 5414 5414 5414 5414 5447 5447 5447 5447

 200000 200000 200000 200000 200000 200000 200000 200000 5017 5017 5017 5017 5262 5262 5262 5262 5189 5189 5189 5189 5386 5386 5386 5386 5319 5319 5319 5319 5252 5252 5252 5252 5049 5049 5049 5049 5197 5197 5197 5197 5075 5075 5075 5075 5071 5071 5071 5071 5180 5180 5180 5180 5467 5467 5467 5467 5000 5000 5000 5000 5193 5193 5193 5193 200000 200000 200000 200000 200000 200000 200000 200000 5017 5017 5017 5017 5262 5262 5262 5262 5189 5189 5189 5189 5386 5386 5386 5386 5319 5319 5319 5319 5252 5252 5252 5252 5049 5049 5049 5049 5197 5197 5197 5197 5075 5075 5075 5075 5071 5071 5071 5071 5180 5180 5180 5180 5467 5467 5467 5467 5000 5000 5000 5000 5193 5193 5193 5193
 0 0 0 0 0 0 0 0 5017 5017 5017 5017 5262 5262 5262 5262 5189 5189 5189 5189 5386 5386 5386 5386 5319 5319 5319 5319 5252 5252 5252 5252 5049 5049 5049 5049 5197 5197 5197 5197 5075 5075 5075 5075 5071 5071 5071 5071 5180 5180 5180 5180 5467 5467 5467 5467 5000 5000 5000 5000 5193 5193 5193 5193 0 0 0 0 0 0 0 0 5017 5017 5017 5017 5262 5262 5262 5262 5189 5189 5189 5189 5386 5386 5386 5386 5319 5319 5319 5319 5252 5252 5252 5252 5049 5049 5049 5049 5197 5197 5197 5197 5075 5075 5075 5075 5071 5071 5071 5071 5180 5180 5180 5180 5467 5467 5467 5467 5000 5000 5000 5000 5193 5193 5193 5193

 200000 200000 200000 200000 200000 200000 200000 200000 5017 5017 5017 5017 5262 5262 5262 5262 5189 5189 5189 5189 5386 5386 5386 5386 5319 5319 5319 5319 5252 5252 5252 5252 5049 5049 5049 5049 5197 5197 5197 5197 5075 5075 5075 5075 5071 5071 5071 5071 5486 5486 5486 5486 5173 5173 5173 5173 5094 5094 5094 5094 5252 5252 5252 5252 200000 200000 200000 200000 200000 200000 200000 200000 5017 5017 5017 5017 5262 5262 5262 5262 5189 5189 5189 5189 5386 5386 5386 5386 5319 5319 5319 5319 5252 5252 5252 5252 5049 5049 5049 5049 5197 5197 5197 5197 5075 5075 5075 5075 5071 5071 5071 5071 5486 5486 5486 5486 5173 5173 5173 5173 5094 5094 5094 5094 5252 5252 5252 5252
 0 0 0 0 0 0 0 0 5017 5017 5017 5017 5262 5262 5262 5262 5189 5189 5189 5189 5386 5386 5386 5386 5319 5319 5319 5319 5252 5252 5252 5252 5049 5049 5049 5049 5197 5197 5197 5197 5075 5075 5075 5075 5071 5071 5071 5071 5486 5486 5486 5486 5173 5173 5173 5173 5094 5094 5094 5094 5252 5252 5252 5252 0 0 0 0 0 0 0 0 5017 5017 5017 5017 5262 5262 5262 5262 5189 5189 5189 5189 5386 5386 5386 5386 5319 5319 5319 5319 5252 5252 5252 5252 5049 5049 5049 5049 5197 5197 5197 5197 5075 5075 5075 5075 5071 5071 5071 5071 5486 5486 5486 5486 5173 5173 5173 5173 5094 5094 5094 5094 5252 5252 5252 5252

 200000 200000 200000 200000 200000 200000 200000 200000 5017 5017 5017 5017 5262 5262 5262 5262 5189 5189 5189 5189 5386 5386 5386 5386 5319 5319 5319 5319 5252 5252 5252 5252 5049 5049 5049 5049 5197 5197 5197 5197 5075 5075 5075 5075 5071 5071 5071 5071 5095 5095 5095 5095 5253 5253 5253 5253 5184 5184 5184 5184 5204 5204 5204 5204 200000 200000 200000 200000 200000 200000 200000 200000 5017 5017 5017 5017 5262 5262 5262 5262 5189 5189 5189 5189 5386 5386 5386 5386 5319 5319 5319 5319 5252 5252 5252 5252 5049 5049 5049 5049 5197 5197 5197 5197 5075 5075 5075 5075 5071 5071 5071 5071 5095 5095 5095 5095 5253 5253 5253 5253 5184 5184 5184 5184 5204 5204 5204 5204
 0 0 0 0 0 0 0 0 5017 5017 5017 5017 5262 5262 5262 5262 5189 5189 5189 5189 5386 5386 5386 5386 5319 5319 5319 5319 5252 5252 5252 5252 5049 5049 5049 5049 5197 5197 5197 5197 5075 5075 5075 5075 5071 5071 5071 5071 5095 5095 5095 5095 5253 5253 5253 5253 5184 5184 5184 5184 5204 5204 5204 5204 0 0 0 0 0 0 0 0 5017 5017 5017 5017 5262 5262 5262 5262 5189 5189 5189 5189 5386 5386 5386 5386 5319 5319 5319 5319 5252 5252 5252 5252 5049 5049 5049 5049 5197 5197 5197 5197 5075 5075 5075 5075 5071 5071 5071 5071 5095 5095 5095 5095 5253 5253 5253 5253 5184 5184 5184 5184 5204 5204 5204 5204

 200000 200000 200000 200000 200000 200000 200000 200000 5017 5017 5017 5017 5262 5262 5262 5262 5189 5189 5189 5189 5386 5386 5386 5386 5319 5319 5319 5319 5252 5252 5252 5252 5049 5049 5049 5049 5197 5197 5197 5197 5075 5075 5075 5075 5071 5071 5071 5071 5411 5411 5411 5411 5464 5464 5464 5464 5466 5466 5466 5466 5058 5058 5058 5058 200000 200000 200000 200000 200000 200000 200000 200000 5017 5017 5017 5017 5262 5262 5262 5262 5189 5189 5189 5189 5386 5386 5386 5386 5319 5319 5319 5319 5252 5252 5252 5252 5049 5049 5049 5049 5197 5197 5197 5197 5075 5075 5075 5075 5071 5071 5071 5071 5411 5411 5411 5411 5464 5464 5464 5464 5466 5466 5466 5466 5058 5058 5058 5058
 0 0 0 0 0 0 0 0 5017 5017 5017 5017 5262 5262 5262 5262 5189 5189 5189 5189 5386 5386 5386 5386 5319 5319 5319 5319 5252 5252 5252 5252 5049 5049 5049 5049 5197 5197 5197 5197 5075 5075 5075 5075 5071 5071 5071 5071 5411 5411 5411 5411 5464 5464 5464 5464 5466 5466 5466 5466 5058 5058 5058 5058 0 0 0 0 0 0 0 0 5017 5017 5017 5017 5262 5262 5262 5262 5189 5189 5189 5189 5386 5386 5386 5386 5319 5319 5319 5319 5252 5252 5252 5252 5049 5049 5049 5049 5197 5197 5197 5197 5075 5075 5075 5075 5071 5071 5071 5071 5411 5411 5411 5411 5464 5464 5464 5464 5466 5466 5466 5466 5058 5058 5058 5058

 200000 200000 200000 200000 200000 200000 200000 200000 5017 5017 5017 5017 5262 5262 5262 5262 5189 5189 5189 5189 5386 5386 5386 5386 5319 5319 5319 5319 5252 5252 5252 5252 5049 5049 5049 5049 5197 5197 5197 5197 5075 5075 5075 5075 5071 5071 5071 5071 5066 5066 5066 5066 5028 5028 5028 5028 5277 5277 5277 5277 5342 5342 5342 5342 200000 200000 200000 200000 200000 200000 200000 200000 5017 5017 5017 5017 5262 5262 5262 5262 5189 5189 5189 5189 5386 5386 5386 5386 5319 5319 5319 5319 5252 5252 5252 5252 5049 5049 5049 5049 5197 5197 5197 5197 5075 5075 5075 5075 5071 5071 5071 5071 5066 5066 5066 5066 5028 5028 5028 5028 5277 5277 5277 5277 5342 5342 5342 5342
 0 0 0 0 0 0 0 0 5017 5017 5017 5017 5262 5262 5262 5262 5189 5189 5189 5189 5386 5386 5386 5386 5319 5319 5319 5319 5252 5252 5252 5252 5049 5049 5049 5049 5197 5197 5197 5197 5075 5075 5075 5075 5071 5071 5071 5071 5066 5066 5066 5066 5028 5028 5028 5028 5277 5277 5277 5277 5342 5342 5342 5342 0 0 0 0 0 0 0 0 5017 5017 5017 5017 5262 5262 5262 5262 5189 5189 5189 5189 5386 5386 5386 5386 5319 5319 5319 5319 5252 5252 5252 5252 5049 5049 5049 5049 5197 5197 5197 5197 5075 5075 5075 5075 5071 5071 5071 5071 5066 5066 5066 5066 5028 5028 5028 5028 5277 5277 5277 5277 5342 5342 5342 5342

 200000 200000 200000 200000 200000 200000 200000 200000 5017 5017 5017 5017 5262 5262 5262 5262 5189 5189 5189 5189 5386 5386 5386 5386 5319 5319 5319 5319 5252 5252 5252 5252 5335 5335 5335 5335 5086 5086 5086 5086 5414 5414 5414 5414 5407 5407 5407 5407 5074 5074 5074 5074 5039 5039 5039 5039 5442 5442 5442 5442 5106 5106 5106 5106 200000 200000 200000 200000 200000 200000 200000 200000 5017 5017 5017 5017 5262 5262 5262 5262 5189 5189 5189 5189 5386 5386 5386 5386 5319 5319 5319 5319 5252 5252 5252 5252 5335 5335 5335 5335 5086 5086 5086 5086 5414 5414 5414 5414 5407 5407 5407 5407 5074 5074 5074 5074 5039 5039 5039 5039 5442 5442 5442 5442 5106 5106 5106 5106
 0 0 0 0 0 0 0 0 5017 5017 5017 5017 5262 5262 5262 5262 5189 5189 5189 5189 5386 5386 5386 5386 5319 5319 5319 5319 5252 5252 5252 5252 5335 5335 5335 5335 5086 5086 5086 5086 5414 5414 5414 5414 5407 5407 5407 5407 5074 5074 5074 5074 5039 5039 5039 5039 5442 5442 5442 5442 5106 5106 5106 5106 0 0 0 0 0 0 0 0 5017 5017 5017 5017 5262 5262 5262 5262 5189 5189 5189 5189 5386 5386 5386 5386 5319 5319 5319 5319 5252 5252 5252 5252 5335 5335 5335 5335 5086 5086 5086 5086 5414 5414 5414 5414 5407 5407 5407 5407 5074 5074 5074 5074 5039 5039 5039 5039 5442 5442 5442 5442 5106 5106 5106 5106

 200000 200000 200000 200000 200000 200000 200000 200000 5017 5017 5017 5017 5262 5262 5262 5262 5189 5189 5189 5189 5386 5386 5386 5386 5319 5319 5319 5319 5252 5252 5252 5252 5101 5101 5101 5101 5381 5381 5381 5381 5114 5114 5114 5114 5337 5337 5337 5337 5113 5113 5113 5113 5329 5329 5329 5329 5265 5265 5265 5265 5220 5220 5220 5220 200000 200000 200000 200000 200000 200000 200000 200000 5017 5017 5017 5017 5262 5262 5262 5262 5189 5189 5189 5189 5386 5386 5386 5386 5319 5319 5319 5319 5252 5252 5252 5252 5101 5101 5101 5101 5381 5381 5381 5381 5114 5114 5114 5114 5337 5337 5337 5337 5113 5113 5113 5113 5329 5329 5329 5329 5265 5265 5265 5265 5220 5220 5220 5220
 0 0 0 0 0 0 0 0 5017 5017 5017 5017 5262 5262 5262 5262 5189 5189 5189 5189 5386 5386 5386 5386 5319 5319 5319 5319 5252 5252 5252 5252 5101 5101 5101 5101 5381 5381 5381 5381 5114 5114 5114 5114 5337 5337 5337 5337 5113 5113 5113 5113 5329 5329 5329 5329 5265 5265 5265 5265 5220 5220 5220 5220 0 0 0 0 0 0 0 0 5017 5017 5017 5017 5262 5262 5262 5262 5189 5189 5189 5189 5386 5386 5386 5386 5319 5319 5319 5319 5252 5252 5252 5252 5101 5101 5101 5101 5381 5381 5381 5381 5114 5114 5114 5114 5337 5337 5337 5337 5113 5113 5113 5113 5329 5329 5329 5329 5265 5265 5265 5265 5220 5220 5220 5220

 200000 200000 200000 200000 200000 200000 200000 200000 5017 5017 5017 5017 5262 5262 5262 5262 5189 5189 5189 5189 5386 5386 5386 5386 5319 5319 5319 5319 5252 5252 5252 5252 5200 5200 5200 5200 5023 5023 5023 5023 5116 5116 5116 5116 5152 5152 5152 5152 5262 5262 5262 5262 5071 5071 5071 5071 5207 5207 5207 5207 5256 5256 5256 5256 200000 200000 200000 200000 200000 200000 200000 200000 5017 5017 5017 5017 5262 5262 5262 5262 5189 5189 5189 5189 5386 5386 5386 5386 5319 5319 5319 5319 5252 5252 5252 5252 5200 5200 5200 5200 5023 5023 5023 5023 5116 5116 5116 5116 5152 5152 5152 5152 5262 5262 5262 5262 5071 5071 5071 5071 5207 5207 5207 5207 5256 5256 5256 5256
 0 0 0 0 0 0 0 0 5017 5017 5017 5017 5262 5262 5262 5262 5189 5189 5189 5189 5386 5386 5386 5386 5319 5319 5319 5319 5252 5252 5252 5252 5200 5200 5200 5200 5023 5023 5023 5023 5116 5116 5116 5116 5152 5152 5152 5152 5262 5262 5262 5262 5071 5071 5071 5071 5207 5207 5207 5207 5256 5256 5256 5256 0 0 0 0 0 0 0 0 5017 5017 5017 5017 5262 5262 5262 5262 5189 5189 5189 5189 5386 5386 5386 5386 5319 5319 5319 5319 5252 5252 5252 5252 5200 5200 5200 5200 5023 5023 5023 5023 5116 5116 5116 5116 5152 5152 5152 5152 5262 5262 5262 5262 5071 5071 5071 5071 5207 5207 5207 5207 5256 5256 5256 5256

 200000 200000 200000 200000 200000 200000 200000 200000 5017 5017 5017 5017 5262 5262 5262 5262 5189 5189 5189 5189 5386 5386 5386 5386 5319 5319 5319 5319 5252 5252 5252 5252 5186 5186 5186 5186 5282 5282 5282 5282 5442 5442 5442 5442 5129 5129 5129 5129 5327 5327 5327 5327 5235 5235 5235 5235 5476 5476 5476 5476 5485 5485 5485 5485 200000 200000 200000 200000 200000 200000 200000 200000 5017 5017 5017 5017 5262 5262 5262 5262 5189 5189 5189 5189 5386 5386 5386 5386 5319 5319 5319 5319 5252 5252 5252 5252 5186 5186 5186 5186 5282 5282 5282 5282 5442 5442 5442 5442 5129 5129 5129 5129 5327 5327 5327 5327 5235 5235 5235 5235 5476 5476 5476 5476 5485 5485 5485 5485
 0 0 0 0 0 0 0 0 5017 5017 5017 5017 5262 5262 5262 5262 5189 5189 5189 5189 5386 5386 5386 5386 5319 5319 5319 5319 5252 5252 5252 5252 5186 5186 5186 5186 5282 5282 5282 5282 5442 5442 5442 5442 5129 5129 5129 5129 5327 5327 5327 5327 5235 5235 5235 5235 5476 5476 5476 5476 5485 5485 5485 5485 0 0 0 0 0 0 0 0 5017 5017 5017 5017 5262 5262 5262 5262 5189 5189 5189 5189 5386 5386 5386 5386 5319 5319 5319 5319 5252 5252 5252 5252 5186 5186 5186 5186 5282 5282 5282 5282 5442 5442 5442 5442 5129 5129 5129 5129 5327 5327 5327 5327 5235 5235 5235 5235 5476 5476 5476 5476 5485 5485 5485 5485

 200000 200000 200000 200000 200000 200000 200000 200000 5017 5017 5017 5017 5262 5262 5262 5262 5189 5189 5189 5189 5386 5386 5386 5386 5319 5319 5319 5319 5252 5252 5252 5252 5005 5005 5005 5005 5164 5164 5164 5164 5367 5367 5367 5367 5391 5391 5391 5391 5483 5483 5483 5483 5178 5178 5178 5178 5485 5485 5485 5485 5203 5203 5203 5203 200000 200000 200000 200000 200000 200000 200000 200000 5017 5017 5017 5017 5262 5262 5262 5262 5189 5189 5189 5189 5386 5386 5386 5386 5319 5319 5319 5319 5252 5252 5252 5252 5005 5005 5005 5005 5164 5164 5164 5164 5367 5367 5367 5367 5391 5391 5391 5391 5483 5483 5483 5483 5178 5178 5178 5178 5485 5485 5485 5485 5203 5203 5203 5203
 0 0 0 0 0 0 0 0 5017 5017 5017 5017 5262 5262 5262 5262 5189 5189 5189 5189 5386 5386 5386 5386 5319 5319 5319 5319 5252 5252 5252 5252 5005 5005 5005 5005 5164 5164 5164 5164 5367 5367 5367 5367 5391 5391 5391 5391 5483 5483 5483 5483 5178 5178 5178 5178 5485 5485 5485 5485 5203 5203 5203 5203 0 0 0 0 0 0 0 0 5017 5017 5017 5017 5262 5262 5262 5262 5189 5189 5189 5189 5386 5386 5386 5386 5319 5319 5319 5319 5252 5252 5252 5252 5005 5005 5005 5005 5164 5164 5164 5164 5367 5367 5367 5367 5391 5391 5391 5391 5483 5483 5483 5483 5178 5178 5178 5178 5485 5485 5485 5485 5203 5203 5203 5203

 200000 200000 200000 200000 200000 200000 200000 200000 5017 5017 5017 5017 5262 5262 5262 5262 5189 5189 5189 5189 5386 5386 5386 5386 5319 5319 5319 5319 5252 5252 5252 5252 5333 5333 5333 5333 5186 5186 5186 5186 5003 5003 5003 5003 5060 5060 5060 5060 5173 5173 5173 5173 5337 5337 5337 5337 5044 5044 5044 5044 5323 5323 5323 5323 200000 200000 200000 200000 200000 200000 200000 200000 5017 5017 5017 5017 5262 5262 5262 5262 5189 5189 5189 5189 5386 5386 5386 5386 5319 5319 5319 5319 5252 5252 5252 5252 5333 5333 5333 5333 5186 5186 5186 5186 5003 5003 5003 5003 5060 5060 5060 5060 5173 5173 5173 5173 5337 5337 5337 5337 5044 5044 5044 5044 5323 5323 5323 5323
 0 0 0 0 0 0 0 0 5017 5017 5017 5017 5262 5262 5262 5262 5189 5189 5189 5189 5386 5386 5386 5386 5319 5319 5319 5319 5252 5252 5252 5252 5333 5333 5333 5333 5186 5186 5186 5186 5003 5003 5003 5003 5060 5060 5060 5060 5173 5173 5173 5173 5337 5337 5337 5337 5044 5044 5044 5044 5323 5323 5323 5323 0 0 0 0 0 0 0 0 5017 5017 5017 5017 5262 5262 5262 5262 5189 5189 5189 5189 5386 5386 5386 5386 5319 5319 5319 5319 5252 5252 5252 5252 5333 5333 5333 5333 5186 5186 5186 5186 5003 5003 5003 5003 5060 5060 5060 5060 5173 5173 5173 5173 5337 5337 5337 5337 5044 5044 5044 5044 5323 5323 5323 5323

 200000 200000 200000 200000 200000 200000 200000 200000 5017 5017 5017 5017 5262 5262 5262 5262 5189 5189 5189 5189 5386 5386 5386 5386 5319 5319 5319 5319 5252 5252 5252 5252 5348 5348 5348 5348 5157 5157 5157 5157 5088 5088 5088 5088 5269 5269 5269 5269 5365 5365 5365 5365 5434 5434 5434 5434 5020 5020 5020 5020 5369 5369 5369 5369 200000 200000 200000 200000 200000 200000 200000 200000 5017 5017 5017 5017 5262 5262 5262 5262 5189 5189 5189 5189 5386 5386 5386 5386 5319 5319 5319 5319 5252 5252 5252 5252 5348 5348 5348 5348 5157 5157 5157 5157 5088 5088 5088 5088 5269 5269 5269 5269 5365 5365 5365 5365 5434 5434 5434 5434 5020 5020 5020 5020 5369 5369 5369 5369
 0 0 0 0 0 0 0 0 5017 5017 5017 5017 5262 5262 5262 5262 5189 5189 5189 5189 5386 5386 5386 5386 5319 5319 5319 5319 5252 5252 5252 5252 5348 5348 5348 5348 5157 5157 5157 5157 5088 5088 5088 5088 5269 5269 5269 5269 5365 5365 5365 5365 5434 5434 5434 5434 5020 5020 5020 5020 5369 5369 5369 5369 0 0 0 0 0 0 0 0 5017 5017 5017 5017 5262 5262 5262 5262 5189 5189 5189 5189 5386 5386 5386 5386 5319 5319 5319 5319 5252 5252 5252 5252 5348 5348 5348 5348 5157 5157 5157 5157 5088 5088 5088 5088 5269 5269 5269 5269 5365 5365 5365 5365 5434 5434 5434 5434 5020 5020 5020 5020 5369 5369 5369 5369

 200000 200000 200000 200000 200000 200000 200000 200000 5017 5017 5017 5017 5262 5262 5262 5262 5189 5189 5189 5189 5386 5386 5386 5386 5319 5319 5319 5319 5252 5252 5252 5252 5351 5351 5351 5351 5461 5461 5461 5461 5250 5250 5250 5250 5479 5479 5479 5479 5072 5072 5072 5072 5100 5100 5100 5100 5464 5464 5464 5464 5361 5361 5361 5361 200000 200000 200000 200000 200000 200000 200000 200000 5017 5017 5017 5017 5262 5262 5262 5262 5189 5189 5189 5189 5386 5386 5386 5386 5319 5319 5319 5319 5252 5252 5252 5252 5351 5351 5351 5351 5461 5461 5461 5461 5250 5250 5250 5250 5479 5479 5479 5479 5072 5072 5072 5072 5100 5100 5100 5100 5464 5464 5464 5464 5361 5361 5361 5361
 0 0 0 0 0 0 0 0 5017 5017 5017 5017 5262 5262 5262 5262 5189 5189 5189 5189 5386 5386 5386 5386 5319 5319 5319 5319 5252 5252 5252 5252 5351 5351 5351 5351 5461 5461 5461 5461 5250 5250 5250 5250 5479 5479 5479 5479 5072 5072 5072 5072 5100 5100 5100 5100 5464 5464 5464 5464 5361 5361 5361 5361 0 0 0 0 0 0 0 0 5017 5017 5017 5017 5262 5262 5262 5262 5189 5189 5189 5189 5386 5386 5386 5386 5319 5319 5319 5319 5252 5252 5252 5252 5351 5351 5351 5351 5461 5461 5461 5461 5250 5250 5250 5250 5479 5479 5479 5479 5072 5072 5072 5072 5100 5100 5100 5100 5464 5464 5464 5464 5361 5361 5361 5361

 200000 200000 200000 200000 200000 200000 200000 200000 5017 5017 5017 5017 5262 5262 5262 5262 5189 5189 5189 5189 5386 5386 5386 5386 5319 5319 5319 5319 5252 5252 5252 5252 5230 5230 5230 5230 5365 5365 5365 5365 5375 5375 5375 5375 5462 5462 5462 5462 5454 5454 5454 5454 5278 5278 5278 5278 5273 5273 5273 5273 5126 5126 5126 5126 200000 200000 200000 200000 200000 200000 200000 200000 5017 5017 5017 5017 5262 5262 5262 5262 5189 5189 5189 5189 5386 5386 5386 5386 5319 5319 5319 5319 5252 5252 5252 5252 5230 5230 5230 5230 5365 5365 5365 5365 5375 5375 5375 5375 5462 5462 5462 5462 5454 5454 5454 5454 5278 5278 5278 5278 5273 5273 5273 5273 5126 5126 5126 5126
 0 0 0 0 0 0 0 0 5017 5017 5017 5017 5262 5262 5262 5262 5189 5189 5189 5189 5386 5386 5386 5386 5319 5319 5319 5319 5252 5252 5252 5252 5230 5230 5230 5230 5365 5365 5365 5365 5375 5375 5375 5375 5462 5462 5462 5462 5454 5454 5454 5454 5278 5278 5278 5278 5273 5273 5273 5273 5126 5126 5126 5126 0 0 0 0 0 0 0 0 5017 5017 5017 5017 5262 5262 5262 5262 5189 5189 5189 5189 5386 5386 5386 5386 5319 5319 5319 5319 5252 5252 5252 5252 5230 5230 5230 5230 5365 5365 5365 5365 5375 5375 5375 5375 5462 5462 5462 5462 5454 5454 5454 5454 5278 5278 5278 5278 5273 5273 5273 5273 5126 5126 5126 5126

 200000 200000 200000 200000 200000 200000 200000 200000 5017 5017 5017 5017 5262 5262 5262 5262 5189 5189 5189 5189 5386 5386 5386 5386 5319 5319 5319 5319 5252 5252 5252 5252 5194 5194 5194 5194 5296 5296 5296 5296 5441 5441 5441 5441 5127 5127 5127 5127 5354 5354 5354 5354 5407 5407 5407 5407 5460 5460 5460 5460 5224 5224 5224 5224 200000 200000 200000 200000 200000 200000 200000 200000 5017 5017 5017 5017 5262 5262 5262 5262 5189 5189 5189 5189 5386 5386 5386 5386 5319 5319 5319 5319 5252 5252 5252 5252 5194 5194 5194 5194 5296 5296 5296 5296 5441 5441 5441 5441 5127 5127 5127 5127 5354 5354 5354 5354 5407 5407 5407 5407 5460 5460 5460 5460 5224 5224 5224 5224
 0 0 0 0 0 0 0 0 5017 5017 5017 5017 5262 5262 5262 5262 5189 5189 5189 5189 5386 5386 5386 5386 5319 5319 5319 5319 5252 5252 5252 5252 5194 5194 5194 5194 5296 5296 5296 5296 5441 5441 5441 5441 5127 5127 5127 5127 5354 5354 5354 5354 5407 5407 5407 5407 5460 5460 5460 5460 5224 5224 5224 5224 0 0 0 0 0 0 0 0 5017 5017 5017 5017 5262 5262 5262 5262 5189 5189 5189 5189 5386 5386 5386 5386 5319 5319 5319 5319 5252 5252 5252 5252 5194 5194 5194 5194 5296 5296 5296 5296 5441 5441 5441 5441 5127 5127 5127 5127 5354 5354 5354 5354 5407 5407 5407 5407 5460 5460 5460 5460 5224 5224 5224 5224

 200000 200000 200000 200000 200000 200000 200000 200000 5017 5017 5017 5017 5262 5262 5262 5262 5189 5189 5189 5189 5386 5386 5386 5386 5319 5319 5319 5319 5252 5252 5252 5252 5004 5004 5004 5004 5411 5411 5411 5411 5398 5398 5398 5398 5120 5120 5120 5120 5125 5125 5125 5125 5438 5438 5438 5438 5002 5002 5002 5002 5059 5059 5059 5059 200000 200000 200000 200000 200000 200000 200000 200000 5017 5017 5017 5017 5262 5262 5262 5262 5189 5189 5189 5189 5386 5386 5386 5386 5319 5319 5319 5319 5252 5252 5252 5252 5004 5004 5004 5004 5411 5411 5411 5411 5398 5398 5398 5398 5120 5120 5120 5120 5125 5125 5125 5125 5438 5438 5438 5438 5002 5002 5002 5002 5059 5059 5059 5059
 0 0 0 0 0 0 0 0 5017 5017 5017 5017 5262 5262 5262 5262 5189 5189 5189 5189 5386 5386 5386 5386 5319 5319 5319 5319 5252 5252 5252 5252 5004 5004 5004 5004 5411 5411 5411 5411 5398 5398 5398 5398 5120 5120 5120 5120 5125 5125 5125 5125 5438 5438 5438 5438 5002 5002 5002 5002 5059 5059 5059 5059 0 0 0 0 0 0 0 0 5017 5017 5017 5017 5262 5262 5262 5262 5189 5189 5189 5189 5386 5386 5386 5386 5319 5319 5319 5319 5252 5252 5252 5252 5004 5004 5004 5004 5411 5411 5411 5411 5398 5398 5398 5398 5120 5120 5120 5120 5125 5125 5125 5125 5438 5438 5438 5438 5002 5002 5002 5002 5059 5059 5059 5059

 200000 200000 200000 200000 200000 200000 200000 200000 5017 5017 5017 5017 5262 5262 5262 5262 5189 5189 5189 5189 5386 5386 5386 5386 5319 5319 5319 5319 5252 5252 5252 5252 5004 5004 5004 5004 5411 5411 5411 5411 5398 5398 5398 5398 5120 5120 5120 5120 5400 5400 5400 5400 5186 5186 5186 5186 5032 5032 5032 5032 5072 5072 5072 5072 200000 200000 200000 200000 200000 200000 200000 200000 5017 5017 5017 5017 5262 5262 5262 5262 5189 5189 5189 5189 5386 5386 5386 5386 5319 5319 5319 5319 5252 5252 5252 5252 5004 5004 5004 5004 5411 5411 5411 5411 5398 5398 5398 5398 5120 5120 5120 5120 5400 5400 5400 5400 5186 5186 5186 5186 5032 5032 5032 5032 5072 5072 5072 5072
 0 0 0 0 0 0 0 0 5017 5017 5017 5017 5262 5262 5262 5262 5189 5189 5189 5189 5386 5386 5386 5386 5319 5319 5319 5319 5252 5252 5252 5252 5004 5004 5004 5004 5411 5411 5411 5411 5398 5398 5398 5398 5120 5120 5120 5120 5400 5400 5400 5400 5186 5186 5186 5186 5032 5032 5032 5032 5072 5072 5072 5072 0 0 0 0 0 0 0 0 5017 5017 5017 5017 5262 5262 5262 5262 5189 5189 5189 5189 5386 5386 5386 5386 5319 5319 5319 5319 5252 5252 5252 5252 5004 5004 5004 5004 5411 5411 5411 5411 5398 5398 5398 5398 5120 5120 5120 5120 5400 5400 5400 5400 5186 5186 5186 5186 5032 5032 5032 5032 5072 5072 5072 5072

 200000 200000 200000 200000 200000 200000 200000 200000 5017 5017 5017 5017 5262 5262 5262 5262 5189 5189 5189 5189 5386 5386 5386 5386 5319 5319 5319 5319 5252 5252 5252 5252 5004 5004 5004 5004 5411 5411 5411 5411 5398 5398 5398 5398 5120 5120 5120 5120 5111 5111 5111 5111 5119 5119 5119 5119 5088 5088 5088 5088 5389 5389 5389 5389 200000 200000 200000 200000 200000 200000 200000 200000 5017 5017 5017 5017 5262 5262 5262 5262 5189 5189 5189 5189 5386 5386 5386 5386 5319 5319 5319 5319 5252 5252 5252 5252 5004 5004 5004 5004 5411 5411 5411 5411 5398 5398 5398 5398 5120 5120 5120 5120 5111 5111 5111 5111 5119 5119 5119 5119 5088 5088 5088 5088 5389 5389 5389 5389
 0 0 0 0 0 0 0 0 5017 5017 5017 5017 5262 5262 5262 5262 5189 5189 5189 5189 5386 5386 5386 5386 5319 5319 5319 5319 5252 5252 5252 5252 5004 5004 5004 5004 5411 5411 5411 5411 5398 5398 5398 5398 5120 5120 5120 5120 5111 5111 5111 5111 5119 5119 5119 5119 5088 5088 5088 5088 5389 5389 5389 5389 0 0 0 0 0 0 0 0 5017 5017 5017 5017 5262 5262 5262 5262 5189 5189 5189 5189 5386 5386 5386 5386 5319 5319 5319 5319 5252 5252 5252 5252 5004 5004 5004 5004 5411 5411 5411 5411 5398 5398 5398 5398 5120 5120 5120 5120 5111 5111 5111 5111 5119 5119 5119 5119 5088 5088 5088 5088 5389 5389 5389 5389

 200000 200000 200000 200000 200000 200000 200000 200000 5017 5017 5017 5017 5262 5262 5262 5262 5189 5189 5189 5189 5386 5386 5386 5386 5319 5319 5319 5319 5252 5252 5252 5252 5004 5004 5004 5004 5411 5411 5411 5411 5398 5398 5398 5398 5120 5120 5120 5120 5426 5426 5426 5426 5140 5140 5140 5140 5031 5031 5031 5031 5108 5108 5108 5108 200000 200000 200000 200000 200000 200000 200000 200000 5017 5017 5017 5017 5262 5262 5262 5262 5189 5189 5189 5189 5386 5386 5386 5386 5319 5319 5319 5319 5252 5252 5252 5252 5004 5004 5004 5004 5411 5411 5411 5411 5398 5398 5398 5398 5120 5120 5120 5120 5426 5426 5426 5426 5140 5140 5140 5140 5031 5031 5031 5031 5108 5108 5108 5108
 0 0 0 0 0 0 0 0 5017 5017 5017 5017 5262 5262 5262 5262 5189 5189 5189 5189 5386 5386 5386 5386 5319 5319 5319 5319 5252 5252 5252 5252 5004 5004 5004 5004 5411 5411 5411 5411 5398 5398 5398 5398 5120 5120 5120 5120 5426 5426 5426 5426 5140 5140 5140 5140 5031 5031 5031 5031 5108 5108 5108 5108 0 0 0 0 0 0 0 0 5017 5017 5017 5017 5262 5262 5262 5262 5189 5189 5189 5189 5386 5386 5386 5386 5319 5319 5319 5319 5252 5252 5252 5252 5004 5004 5004 5004 5411 5411 5411 5411 5398 5398 5398 5398 5120 5120 5120 5120 5426 5426 5426 5426 5140 5140 5140 5140 5031 5031 5031 5031 5108 5108 5108 5108

 200000 200000 200000 200000 200000 200000 200000 200000 5017 5017 5017 5017 5262 5262 5262 5262 5189 5189 5189 5189 5386 5386 5386 5386 5319 5319 5319 5319 5252 5252 5252 5252 5004 5004 5004 5004 5411 5411 5411 5411 5398 5398 5398 5398 5120 5120 5120 5120 5426 5426 5426 5426 5413 5413 5413 5413 5397 5397 5397 5397 5344 5344 5344 5344 200000 200000 200000 200000 200000 200000 200000 200000 5017 5017 5017 5017 5262 5262 5262 5262 5189 5189 5189 5189 5386 5386 5386 5386 5319 5319 5319 5319 5252 5252 5252 5252 5004 5004 5004 5004 5411 5411 5411 5411 5398 5398 5398 5398 5120 5120 5120 5120 5426 5426 5426 5426 5413 5413 5413 5413 5397 5397 5397 5397 5344 5344 5344 5344
 0 0 0 0 0 0 0 0 5017 5017 5017 5017 5262 5262 5262 5262 5189 5189 5189 5189 5386 5386 5386 5386 5319 5319 5319 5319 5252 5252 5252 5252 5004 5004 5004 5004 5411 5411 5411 5411 5398 5398 5398 5398 5120 5120 5120 5120 5426 5426 5426 5426 5413 5413 5413 5413 5397 5397 5397 5397 5344 5344 5344 5344 0 0 0 0 0 0 0 0 5017 5017 5017 5017 5262 5262 5262 5262 5189 5189 5189 5189 5386 5386 5386 5386 5319 5319 5319 5319 5252 5252 5252 5252 5004 5004 5004 5004 5411 5411 5411 5411 5398 5398 5398 5398 5120 5120 5120 5120 5426 5426 5426 5426 5413 5413 5413 5413 5397 5397 5397 5397 5344 5344 5344 5344

 200000 200000 200000 200000 200000 200000 200000 200000 5017 5017 5017 5017 5262 5262 5262 5262 5189 5189 5189 5189 5386 5386 5386 5386 5319 5319 5319 5319 5252 5252 5252 5252 5004 5004 5004 5004 5411 5411 5411 5411 5398 5398 5398 5398 5120 5120 5120 5120 5230 5230 5230 5230 5464 5464 5464 5464 5304 5304 5304 5304 5052 5052 5052 5052 200000 200000 200000 200000 200000 200000 200000 200000 5017 5017 5017 5017 5262 5262 5262 5262 5189 5189 5189 5189 5386 5386 5386 5386 5319 5319 5319 5319 5252 5252 5252 5252 5004 5004 5004 5004 5411 5411 5411 5411 5398 5398 5398 5398 5120 5120 5120 5120 5230 5230 5230 5230 5464 5464 5464 5464 5304 5304 5304 5304 5052 5052 5052 5052
 0 0 0 0 0 0 0 0 5017 5017 5017 5017 5262 5262 5262 5262 5189 5189 5189 5189 5386 5386 5386 5386 5319 5319 5319 5319 5252 5252 5252 5252 5004 5004 5004 5004 5411 5411 5411 5411 5398 5398 5398 5398 5120 5120 5120 5120 5230 5230 5230 5230 5464 5464 5464 5464 5304 5304 5304 5304 5052 5052 5052 5052 0 0 0 0 0 0 0 0 5017 5017 5017 5017 5262 5262 5262 5262 5189 5189 5189 5189 5386 5386 5386 5386 5319 5319 5319 5319 5252 5252 5252 5252 5004 5004 5004 5004 5411 5411 5411 5411 5398 5398 5398 5398 5120 5120 5120 5120 5230 5230 5230 5230 5464 5464 5464 5464 5304 5304 5304 5304 5052 5052 5052 5052

 200000 200000 200000 200000 200000 200000 200000 200000 5017 5017 5017 5017 5262 5262 5262 5262 5189 5189 5189 5189 5386 5386 5386 5386 5319 5319 5319 5319 5252 5252 5252 5252 5004 5004 5004 5004 5411 5411 5411 5411 5398 5398 5398 5398 5120 5120 5120 5120 5049 5049 5049 5049 5255 5255 5255 5255 5192 5192 5192 5192 5202 5202 5202 5202 200000 200000 200000 200000 200000 200000 200000 200000 5017 5017 5017 5017 5262 5262 5262 5262 5189 5189 5189 5189 5386 5386 5386 5386 5319 5319 5319 5319 5252 5252 5252 5252 5004 5004 5004 5004 5411 5411 5411 5411 5398 5398 5398 5398 5120 5120 5120 5120 5049 5049 5049 5049 5255 5255 5255 5255 5192 5192 5192 5192 5202 5202 5202 5202
 0 0 0 0 0 0 0 0 5017 5017 5017 5017 5262 5262 5262 5262 5189 5189 5189 5189 5386 5386 5386 5386 5319 5319 5319 5319 5252 5252 5252 5252 5004 5004 5004 5004 5411 5411 5411 5411 5398 5398 5398 5398 5120 5120 5120 5120 5049 5049 5049 5049 5255 5255 5255 5255 5192 5192 5192 5192 5202 5202 5202 5202 0 0 0 0 0 0 0 0 5017 5017 5017 5017 5262 5262 5262 5262 5189 5189 5189 5189 5386 5386 5386 5386 5319 5319 5319 5319 5252 5252 5252 5252 5004 5004 5004 5004 5411 5411 5411 5411 5398 5398 5398 5398 5120 5120 5120 5120 5049 5049 5049 5049 5255 5255 5255 5255 5192 5192 5192 5192 5202 5202 5202 5202

 200000 200000 200000 200000 200000 200000 200000 200000 5017 5017 5017 5017 5262 5262 5262 5262 5189 5189 5189 5189 5386 5386 5386 5386 5319 5319 5319 5319 5252 5252 5252 5252 5004 5004 5004 5004 5411 5411 5411 5411 5398 5398 5398 5398 5120 5120 5120 5120 5411 5411 5411 5411 5258 5258 5258 5258 5237 5237 5237 5237 5488 5488 5488 5488 200000 200000 200000 200000 200000 200000 200000 200000 5017 5017 5017 5017 5262 5262 5262 5262 5189 5189 5189 5189 5386 5386 5386 5386 5319 5319 5319 5319 5252 5252 5252 5252 5004 5004 5004 5004 5411 5411 5411 5411 5398 5398 5398 5398 5120 5120 5120 5120 5411 5411 5411 5411 5258 5258 5258 5258 5237 5237 5237 5237 5488 5488 5488 5488
 0 0 0 0 0 0 0 0 5017 5017 5017 5017 5262 5262 5262 5262 5189 5189 5189 5189 5386 5386 5386 5386 5319 5319 5319 5319 5252 5252 5252 5252 5004 5004 5004 5004 5411 5411 5411 5411 5398 5398 5398 5398 5120 5120 5120 5120 5411 5411 5411 5411 5258 5258 5258 5258 5237 5237 5237 5237 5488 5488 5488 5488 0 0 0 0 0 0 0 0 5017 5017 5017 5017 5262 5262 5262 5262 5189 5189 5189 5189 5386 5386 5386 5386 5319 5319 5319 5319 5252 5252 5252 5252 5004 5004 5004 5004 5411 5411 5411 5411 5398 5398 5398 5398 5120 5120 5120 5120 5411 5411 5411 5411 5258 5258 5258 5258 5237 5237 5237 5237 5488 5488 5488 5488

 200000 200000 200000 200000 200000 200000 200000 200000 5017 5017 5017 5017 5262 5262 5262 5262 5189 5189 5189 5189 5386 5386 5386 5386 5319 5319 5319 5319 5252 5252 5252 5252 5004 5004 5004 5004 5411 5411 5411 5411 5398 5398 5398 5398 5120 5120 5120 5120 5354 5354 5354 5354 5431 5431 5431 5431 5322 5322 5322 5322 5434 5434 5434 5434 200000 200000 200000 200000 200000 200000 200000 200000 5017 5017 5017 5017 5262 5262 5262 5262 5189 5189 5189 5189 5386 5386 5386 5386 5319 5319 5319 5319 5252 5252 5252 5252 5004 5004 5004 5004 5411 5411 5411 5411 5398 5398 5398 5398 5120 5120 5120 5120 5354 5354 5354 5354 5431 5431 5431 5431 5322 5322 5322 5322 5434 5434 5434 5434
 0 0 0 0 0 0 0 0 5017 5017 5017 5017 5262 5262 5262 5262 5189 5189 5189 5189 5386 5386 5386 5386 5319 5319 5319 5319 5252 5252 5252 5252 5004 5004 5004 5004 5411 5411 5411 5411 5398 5398 5398 5398 5120 5120 5120 5120 5354 5354 5354 5354 5431 5431 5431 5431 5322 5322 5322 5322 5434 5434 5434 5434 0 0 0 0 0 0 0 0 5017 5017 5017 5017 5262 5262 5262 5262 5189 5189 5189 5189 5386 5386 5386 5386 5319 5319 5319 5319 5252 5252 5252 5252 5004 5004 5004 5004 5411 5411 5411 5411 5398 5398 5398 5398 5120 5120 5120 5120 5354 5354 5354 5354 5431 5431 5431 5431 5322 5322 5322 5322 5434 5434 5434 5434

 200000 200000 200000 200000 200000 200000 200000 200000 5017 5017 5017 5017 5262 5262 5262 5262 5189 5189 5189 5189 5386 5386 5386 5386 5319 5319 5319 5319 5252 5252 5252 5252 5004 5004 5004 5004 5411 5411 5411 5411 5398 5398 5398 5398 5120 5120 5120 5120 5385 5385 5385 5385 5218 5218 5218 5218 5011 5011 5011 5011 5498 5498 5498 5498 200000 200000 200000 200000 200000 200000 200000 200000 5017 5017 5017 5017 5262 5262 5262 5262 5189 5189 5189 5189 5386 5386 5386 5386 5319 5319 5319 5319 5252 5252 5252 5252 5004 5004 5004 5004 5411 5411 5411 5411 5398 5398 5398 5398 5120 5120 5120 5120 5385 5385 5385 5385 5218 5218 5218 5218 5011 5011 5011 5011 5498 5498 5498 5498
 0 0 0 0 0 0 0 0 5017 5017 5017 5017 5262 5262 5262 5262 5189 5189 5189 5189 5386 5386 5386 5386 5319 5319 5319 5319 5252 5252 5252 5252 5004 5004 5004 5004 5411 5411 5411 5411 5398 5398 5398 5398 5120 5120 5120 5120 5385 5385 5385 5385 5218 5218 5218 5218 5011 5011 5011 5011 5498 5498 5498 5498 0 0 0 0 0 0 0 0 5017 5017 5017 5017 5262 5262 5262 5262 5189 5189 5189 5189 5386 5386 5386 5386 5319 5319 5319 5319 5252 5252 5252 5252 5004 5004 5004 5004 5411 5411 5411 5411 5398 5398 5398 5398 5120 5120 5120 5120 5385 5385 5385 5385 5218 5218 5218 5218 5011 5011 5011 5011 5498 5498 5498 5498

 200000 200000 200000 200000 200000 200000 200000 200000 5017 5017 5017 5017 5262 5262 5262 5262 5189 5189 5189 5189 5386 5386 5386 5386 5319 5319 5319 5319 5252 5252 5252 5252 5004 5004 5004 5004 5411 5411 5411 5411 5398 5398 5398 5398 5120 5120 5120 5120 5282 5282 5282 5282 5338 5338 5338 5338 5356 5356 5356 5356 5228 5228 5228 5228 200000 200000 200000 200000 200000 200000 200000 200000 5017 5017 5017 5017 5262 5262 5262 5262 5189 5189 5189 5189 5386 5386 5386 5386 5319 5319 5319 5319 5252 5252 5252 5252 5004 5004 5004 5004 5411 5411 5411 5411 5398 5398 5398 5398 5120 5120 5120 5120 5282 5282 5282 5282 5338 5338 5338 5338 5356 5356 5356 5356 5228 5228 5228 5228
 0 0 0 0 0 0 0 0 5017 5017 5017 5017 5262 5262 5262 5262 5189 5189 5189 5189 5386 5386 5386 5386 5319 5319 5319 5319 5252 5252 5252 5252 5004 5004 5004 5004 5411 5411 5411 5411 5398 5398 5398 5398 5120 5120 5120 5120 5282 5282 5282 5282 5338 5338 5338 5338 5356 5356 5356 5356 5228 5228 5228 5228 0 0 0 0 0 0 0 0 5017 5017 5017 5017 5262 5262 5262 5262 5189 5189 5189 5189 5386 5386 5386 5386 5319 5319 5319 5319 5252 5252 5252 5252 5004 5004 5004 5004 5411 5411 5411 5411 5398 5398 5398 5398 5120 5120 5120 5120 5282 5282 5282 5282 5338 5338 5338 5338 5356 5356 5356 5356 5228 5228 5228 5228

 200000 200000 200000 200000 200000 200000 200000 200000 5017 5017 5017 5017 5262 5262 5262 5262 5189 5189 5189 5189 5386 5386 5386 5386 5319 5319 5319 5319 5252 5252 5252 5252 5004 5004 5004 5004 5411 5411 5411 5411 5398 5398 5398 5398 5120 5120 5120 5120 5041 5041 5041 5041 5072 5072 5072 5072 5042 5042 5042 5042 5038 5038 5038 5038 200000 200000 200000 200000 200000 200000 200000 200000 5017 5017 5017 5017 5262 5262 5262 5262 5189 5189 5189 5189 5386 5386 5386 5386 5319 5319 5319 5319 5252 5252 5252 5252 5004 5004 5004 5004 5411 5411 5411 5411 5398 5398 5398 5398 5120 5120 5120 5120 5041 5041 5041 5041 5072 5072 5072 5072 5042 5042 5042 5042 5038 5038 5038 5038
 0 0 0 0 0 0 0 0 5017 5017 5017 5017 5262 5262 5262 5262 5189 5189 5189 5189 5386 5386 5386 5386 5319 5319 5319 5319 5252 5252 5252 5252 5004 5004 5004 5004 5411 5411 5411 5411 5398 5398 5398 5398 5120 5120 5120 5120 5041 5041 5041 5041 5072 5072 5072 5072 5042 5042 5042 5042 5038 5038 5038 5038 0 0 0 0 0 0 0 0 5017 5017 5017 5017 5262 5262 5262 5262 5189 5189 5189 5189 5386 5386 5386 5386 5319 5319 5319 5319 5252 5252 5252 5252 5004 5004 5004 5004 5411 5411 5411 5411 5398 5398 5398 5398 5120 5120 5120 5120 5041 5041 5041 5041 5072 5072 5072 5072 5042 5042 5042 5042 5038 5038 5038 5038

 200000 200000 200000 200000 200000 200000 200000 200000 5017 5017 5017 5017 5262 5262 5262 5262 5189 5189 5189 5189 5386 5386 5386 5386 5319 5319 5319 5319 5252 5252 5252 5252 5004 5004 5004 5004 5411 5411 5411 5411 5398 5398 5398 5398 5120 5120 5120 5120 5228 5228 5228 5228 5438 5438 5438 5438 5000 5000 5000 5000 5025 5025 5025 5025 200000 200000 200000 200000 200000 200000 200000 200000 5017 5017 5017 5017 5262 5262 5262 5262 5189 5189 5189 5189 5386 5386 5386 5386 5319 5319 5319 5319 5252 5252 5252 5252 5004 5004 5004 5004 5411 5411 5411 5411 5398 5398 5398 5398 5120 5120 5120 5120 5228 5228 5228 5228 5438 5438 5438 5438 5000 5000 5000 5000 5025 5025 5025 5025
 0 0 0 0 0 0 0 0 5017 5017 5017 5017 5262 5262 5262 5262 5189 5189 5189 5189 5386 5386 5386 5386 5319 5319 5319 5319 5252 5252 5252 5252 5004 5004 5004 5004 5411 5411 5411 5411 5398 5398 5398 5398 5120 5120 5120 5120 5228 5228 5228 5228 5438 5438 5438 5438 5000 5000 5000 5000 5025 5025 5025 5025 0 0 0 0 0 0 0 0 5017 5017 5017 5017 5262 5262 5262 5262 5189 5189 5189 5189 5386 5386 5386 5386 5319 5319 5319 5319 5252 5252 5252 5252 5004 5004 5004 5004 5411 5411 5411 5411 5398 5398 5398 5398 5120 5120 5120 5120 5228 5228 5228 5228 5438 5438 5438 5438 5000 5000 5000 5000 5025 5025 5025 5025

 200000 200000 200000 200000 200000 200000 200000 200000 5017 5017 5017 5017 5262 5262 5262 5262 5189 5189 5189 5189 5386 5386 5386 5386 5319 5319 5319 5319 5252 5252 5252 5252 5004 5004 5004 5004 5411 5411 5411 5411 5398 5398 5398 5398 5120 5120 5120 5120 5342 5342 5342 5342 5358 5358 5358 5358 5385 5385 5385 5385 5222 5222 5222 5222 200000 200000 200000 200000 200000 200000 200000 200000 5017 5017 5017 5017 5262 5262 5262 5262 5189 5189 5189 5189 5386 5386 5386 5386 5319 5319 5319 5319 5252 5252 5252 5252 5004 5004 5004 5004 5411 5411 5411 5411 5398 5398 5398 5398 5120 5120 5120 5120 5342 5342 5342 5342 5358 5358 5358 5358 5385 5385 5385 5385 5222 5222 5222 5222
 0 0 0 0 0 0 0 0 5017 5017 5017 5017 5262 5262 5262 5262 5189 5189 5189 5189 5386 5386 5386 5386 5319 5319 5319 5319 5252 5252 5252 5252 5004 5004 5004 5004 5411 5411 5411 5411 5398 5398 5398 5398 5120 5120 5120 5120 5342 5342 5342 5342 5358 5358 5358 5358 5385 5385 5385 5385 5222 5222 5222 5222 0 0 0 0 0 0 0 0 5017 5017 5017 5017 5262 5262 5262 5262 5189 5189 5189 5189 5386 5386 5386 5386 5319 5319 5319 5319 5252 5252 5252 5252 5004 5004 5004 5004 5411 5411 5411 5411 5398 5398 5398 5398 5120 5120 5120 5120 5342 5342 5342 5342 5358 5358 5358 5358 5385 5385 5385 5385 5222 5222 5222 5222

 200000 200000 200000 200000 200000 200000 200000 200000 5017 5017 5017 5017 5262 5262 5262 5262 5189 5189 5189 5189 5386 5386 5386 5386 5319 5319 5319 5319 5252 5252 5252 5252 5004 5004 5004 5004 5411 5411 5411 5411 5398 5398 5398 5398 5120 5120 5120 5120 5224 5224 5224 5224 5440 5440 5440 5440 5243 5243 5243 5243 5399 5399 5399 5399 200000 200000 200000 200000 200000 200000 200000 200000 5017 5017 5017 5017 5262 5262 5262 5262 5189 5189 5189 5189 5386 5386 5386 5386 5319 5319 5319 5319 5252 5252 5252 5252 5004 5004 5004 5004 5411 5411 5411 5411 5398 5398 5398 5398 5120 5120 5120 5120 5224 5224 5224 5224 5440 5440 5440 5440 5243 5243 5243 5243 5399 5399 5399 5399
 0 0 0 0 0 0 0 0 5017 5017 5017 5017 5262 5262 5262 5262 5189 5189 5189 5189 5386 5386 5386 5386 5319 5319 5319 5319 5252 5252 5252 5252 5004 5004 5004 5004 5411 5411 5411 5411 5398 5398 5398 5398 5120 5120 5120 5120 5224 5224 5224 5224 5440 5440 5440 5440 5243 5243 5243 5243 5399 5399 5399 5399 0 0 0 0 0 0 0 0 5017 5017 5017 5017 5262 5262 5262 5262 5189 5189 5189 5189 5386 5386 5386 5386 5319 5319 5319 5319 5252 5252 5252 5252 5004 5004 5004 5004 5411 5411 5411 5411 5398 5398 5398 5398 5120 5120 5120 5120 5224 5224 5224 5224 5440 5440 5440 5440 5243 5243 5243 5243 5399 5399 5399 5399

 200000 200000 200000 200000 200000 200000 200000 200000 5017 5017 5017 5017 5262 5262 5262 5262 5189 5189 5189 5189 5386 5386 5386 5386 5319 5319 5319 5319 5252 5252 5252 5252 5004 5004 5004 5004 5411 5411 5411 5411 5398 5398 5398 5398 5120 5120 5120 5120 5016 5016 5016 5016 5173 5173 5173 5173 5047 5047 5047 5047 5035 5035 5035 5035 200000 200000 200000 200000 200000 200000 200000 200000 5017 5017 5017 5017 5262 5262 5262 5262 5189 5189 5189 5189 5386 5386 5386 5386 5319 5319 5319 5319 5252 5252 5252 5252 5004 5004 5004 5004 5411 5411 5411 5411 5398 5398 5398 5398 5120 5120 5120 5120 5016 5016 5016 5016 5173 5173 5173 5173 5047 5047 5047 5047 5035 5035 5035 5035
 0 0 0 0 0 0 0 0 5017 5017 5017 5017 5262 5262 5262 5262 5189 5189 5189 5189 5386 5386 5386 5386 5319 5319 5319 5319 5252 5252 5252 5252 5004 5004 5004 5004 5411 5411 5411 5411 5398 5398 5398 5398 5120 5120 5120 5120 5016 5016 5016 5016 5173 5173 5173 5173 5047 5047 5047 5047 5035 5035 5035 5035 0 0 0 0 0 0 0 0 5017 5017 5017 5017 5262 5262 5262 5262 5189 5189 5189 5189 5386 5386 5386 5386 5319 5319 5319 5319 5252 5252 5252 5252 5004 5004 5004 5004 5411 5411 5411 5411 5398 5398 5398 5398 5120 5120 5120 5120 5016 5016 5016 5016 5173 5173 5173 5173 5047 5047 5047 5047 5035 5035 5035 5035

 200000 200000 200000 200000 200000 200000 200000 200000 5017 5017 5017 5017 5262 5262 5262 5262 5189 5189 5189 5189 5386 5386 5386 5386 5319 5319 5319 5319 5252 5252 5252 5252 5004 5004 5004 5004 5411 5411 5411 5411 5398 5398 5398 5398 5120 5120 5120 5120 5275 5275 5275 5275 5076 5076 5076 5076 5124 5124 5124 5124 5336 5336 5336 5336 200000 200000 200000 200000 200000 200000 200000 200000 5017 5017 5017 5017 5262 5262 5262 5262 5189 5189 5189 5189 5386 5386 5386 5386 5319 5319 5319 5319 5252 5252 5252 5252 5004 5004 5004 5004 5411 5411 5411 5411 5398 5398 5398 5398 5120 5120 5120 5120 5275 5275 5275 5275 5076 5076 5076 5076 5124 5124 5124 5124 5336 5336 5336 5336
 0 0 0 0 0 0 0 0 5017 5017 5017 5017 5262 5262 5262 5262 5189 5189 5189 5189 5386 5386 5386 5386 5319 5319 5319 5319 5252 5252 5252 5252 5004 5004 5004 5004 5411 5411 5411 5411 5398 5398 5398 5398 5120 5120 5120 5120 5275 5275 5275 5275 5076 5076 5076 5076 5124 5124 5124 5124 5336 5336 5336 5336 0 0 0 0 0 0 0 0 5017 5017 5017 5017 5262 5262 5262 5262 5189 5189 5189 5189 5386 5386 5386 5386 5319 5319 5319 5319 5252 5252 5252 5252 5004 5004 5004 5004 5411 5411 5411 5411 5398 5398 5398 5398 5120 5120 5120 5120 5275 5275 5275 5275 5076 5076 5076 5076 5124 5124 5124 5124 5336 5336 5336 5336

 200000 200000 200000 200000 200000 200000 200000 200000 5017 5017 5017 5017 5262 5262 5262 5262 5189 5189 5189 5189 5386 5386 5386 5386 5319 5319 5319 5319 5252 5252 5252 5252 5004 5004 5004 5004 5411 5411 5411 5411 5398 5398 5398 5398 5120 5120 5120 5120 5218 5218 5218 5218 5058 5058 5058 5058 5385 5385 5385 5385 5445 5445 5445 5445 200000 200000 200000 200000 200000 200000 200000 200000 5017 5017 5017 5017 5262 5262 5262 5262 5189 5189 5189 5189 5386 5386 5386 5386 5319 5319 5319 5319 5252 5252 5252 5252 5004 5004 5004 5004 5411 5411 5411 5411 5398 5398 5398 5398 5120 5120 5120 5120 5218 5218 5218 5218 5058 5058 5058 5058 5385 5385 5385 5385 5445 5445 5445 5445
 0 0 0 0 0 0 0 0 5017 5017 5017 5017 5262 5262 5262 5262 5189 5189 5189 5189 5386 5386 5386 5386 5319 5319 5319 5319 5252 5252 5252 5252 5004 5004 5004 5004 5411 5411 5411 5411 5398 5398 5398 5398 5120 5120 5120 5120 5218 5218 5218 5218 5058 5058 5058 5058 5385 5385 5385 5385 5445 5445 5445 5445 0 0 0 0 0 0 0 0 5017 5017 5017 5017 5262 5262 5262 5262 5189 5189 5189 5189 5386 5386 5386 5386 5319 5319 5319 5319 5252 5252 5252 5252 5004 5004 5004 5004 5411 5411 5411 5411 5398 5398 5398 5398 5120 5120 5120 5120 5218 5218 5218 5218 5058 5058 5058 5058 5385 5385 5385 5385 5445 5445 5445 5445

 200000 200000 200000 200000 200000 200000 200000 200000 5017 5017 5017 5017 5262 5262 5262 5262 5189 5189 5189 5189 5386 5386 5386 5386 5319 5319 5319 5319 5252 5252 5252 5252 5004 5004 5004 5004 5411 5411 5411 5411 5398 5398 5398 5398 5120 5120 5120 5120 5152 5152 5152 5152 5133 5133 5133 5133 5480 5480 5480 5480 5026 5026 5026 5026 200000 200000 200000 200000 200000 200000 200000 200000 5017 5017 5017 5017 5262 5262 5262 5262 5189 5189 5189 5189 5386 5386 5386 5386 5319 5319 5319 5319 5252 5252 5252 5252 5004 5004 5004 5004 5411 5411 5411 5411 5398 5398 5398 5398 5120 5120 5120 5120 5152 5152 5152 5152 5133 5133 5133 5133 5480 5480 5480 5480 5026 5026 5026 5026
 0 0 0 0 0 0 0 0 5017 5017 5017 5017 5262 5262 5262 5262 5189 5189 5189 5189 5386 5386 5386 5386 5319 5319 5319 5319 5252 5252 5252 5252 5004 5004 5004 5004 5411 5411 5411 5411 5398 5398 5398 5398 5120 5120 5120 5120 5152 5152 5152 5152 5133 5133 5133 5133 5480 5480 5480 5480 5026 5026 5026 5026 0 0 0 0 0 0 0 0 5017 5017 5017 5017 5262 5262 5262 5262 5189 5189 5189 5189 5386 5386 5386 5386 5319 5319 5319 5319 5252 5252 5252 5252 5004 5004 5004 5004 5411 5411 5411 5411 5398 5398 5398 5398 5120 5120 5120 5120 5152 5152 5152 5152 5133 5133 5133 5133 5480 5480 5480 5480 5026 5026 5026 5026

 200000 200000 200000 200000 200000 200000 200000 200000 5017 5017 5017 5017 5262 5262 5262 5262 5189 5189 5189 5189 5386 5386 5386 5386 5319 5319 5319 5319 5252 5252 5252 5252 5004 5004 5004 5004 5411 5411 5411 5411 5398 5398 5398 5398 5120 5120 5120 5120 5117 5117 5117 5117 5194 5194 5194 5194 5494 5494 5494 5494 5366 5366 5366 5366 200000 200000 200000 200000 200000 200000 200000 200000 5017 5017 5017 5017 5262 5262 5262 5262 5189 5189 5189 5189 5386 5386 5386 5386 5319 5319 5319 5319 5252 5252 5252 5252 5004 5004 5004 5004 5411 5411 5411 5411 5398 5398 5398 5398 5120 5120 5120 5120 5117 5117 5117 5117 5194 5194 5194 5194 5494 5494 5494 5494 5366 5366 5366 5366
 0 0 0 0 0 0 0 0 5017 5017 5017 5017 5262 5262 5262 5262 5189 5189 5189 5189 5386 5386 5386 5386 5319 5319 5319 5319 5252 5252 5252 5252 5004 5004 5004 5004 5411 5411 5411 5411 5398 5398 5398 5398 5120 5120 5120 5120 5117 5117 5117 5117 5194 5194 5194 5194 5494 5494 5494 5494 5366 5366 5366 5366 0 0 0 0 0 0 0 0 5017 5017 5017 5017 5262 5262 5262 5262 5189 5189 5189 5189 5386 5386 5386 5386 5319 5319 5319 5319 5252 5252 5252 5252 5004 5004 5004 5004 5411 5411 5411 5411 5398 5398 5398 5398 5120 5120 5120 5120 5117 5117 5117 5117 5194 5194 5194 5194 5494 5494 5494 5494 5366 5366 5366 5366

 200000 200000 200000 200000 200000 200000 200000 200000 5017 5017 5017 5017 5262 5262 5262 5262 5189 5189 5189 5189 5386 5386 5386 5386 5319 5319 5319 5319 5252 5252 5252 5252 5004 5004 5004 5004 5411 5411 5411 5411 5398 5398 5398 5398 5120 5120 5120 5120 5381 5381 5381 5381 5412 5412 5412 5412 5200 5200 5200 5200 5311 5311 5311 5311 200000 200000 200000 200000 200000 200000 200000 200000 5017 5017 5017 5017 5262 5262 5262 5262 5189 5189 5189 5189 5386 5386 5386 5386 5319 5319 5319 5319 5252 5252 5252 5252 5004 5004 5004 5004 5411 5411 5411 5411 5398 5398 5398 5398 5120 5120 5120 5120 5381 5381 5381 5381 5412 5412 5412 5412 5200 5200 5200 5200 5311 5311 5311 5311
 0 0 0 0 0 0 0 0 5017 5017 5017 5017 5262 5262 5262 5262 5189 5189 5189 5189 5386 5386 5386 5386 5319 5319 5319 5319 5252 5252 5252 5252 5004 5004 5004 5004 5411 5411 5411 5411 5398 5398 5398 5398 5120 5120 5120 5120 5381 5381 5381 5381 5412 5412 5412 5412 5200 5200 5200 5200 5311 5311 5311 5311 0 0 0 0 0 0 0 0 5017 5017 5017 5017 5262 5262 5262 5262 5189 5189 5189 5189 5386 5386 5386 5386 5319 5319 5319 5319 5252 5252 5252 5252 5004 5004 5004 5004 5411 5411 5411 5411 5398 5398 5398 5398 5120 5120 5120 5120 5381 5381 5381 5381 5412 5412 5412 5412 5200 5200 5200 5200 5311 5311 5311 5311

 200000 200000 200000 200000 200000 200000 200000 200000 5017 5017 5017 5017 5262 5262 5262 5262 5189 5189 5189 5189 5386 5386 5386 5386 5319 5319 5319 5319 5252 5252 5252 5252 5004 5004 5004 5004 5411 5411 5411 5411 5398 5398 5398 5398 5120 5120 5120 5120 5383 5383 5383 5383 5151 5151 5151 5151 5459 5459 5459 5459 5103 5103 5103 5103 200000 200000 200000 200000 200000 200000 200000 200000 5017 5017 5017 5017 5262 5262 5262 5262 5189 5189 5189 5189 5386 5386 5386 5386 5319 5319 5319 5319 5252 5252 5252 5252 5004 5004 5004 5004 5411 5411 5411 5411 5398 5398 5398 5398 5120 5120 5120 5120 5383 5383 5383 5383 5151 5151 5151 5151 5459 5459 5459 5459 5103 5103 5103 5103
 0 0 0 0 0 0 0 0 5017 5017 5017 5017 5262 5262 5262 5262 5189 5189 5189 5189 5386 5386 5386 5386 5319 5319 5319 5319 5252 5252 5252 5252 5004 5004 5004 5004 5411 5411 5411 5411 5398 5398 5398 5398 5120 5120 5120 5120 5383 5383 5383 5383 5151 5151 5151 5151 5459 5459 5459 5459 5103 5103 5103 5103 0 0 0 0 0 0 0 0 5017 5017 5017 5017 5262 5262 5262 5262 5189 5189 5189 5189 5386 5386 5386 5386 5319 5319 5319 5319 5252 5252 5252 5252 5004 5004 5004 5004 5411 5411 5411 5411 5398 5398 5398 5398 5120 5120 5120 5120 5383 5383 5383 5383 5151 5151 5151 5151 5459 5459 5459 5459 5103 5103 5103 5103

 200000 200000 200000 200000 200000 200000 200000 200000 5017 5017 5017 5017 5262 5262 5262 5262 5189 5189 5189 5189 5386 5386 5386 5386 5319 5319 5319 5319 5252 5252 5252 5252 5004 5004 5004 5004 5411 5411 5411 5411 5398 5398 5398 5398 5120 5120 5120 5120 5114 5114 5114 5114 5426 5426 5426 5426 5454 5454 5454 5454 5288 5288 5288 5288 200000 200000 200000 200000 200000 200000 200000 200000 5017 5017 5017 5017 5262 5262 5262 5262 5189 5189 5189 5189 5386 5386 5386 5386 5319 5319 5319 5319 5252 5252 5252 5252 5004 5004 5004 5004 5411 5411 5411 5411 5398 5398 5398 5398 5120 5120 5120 5120 5114 5114 5114 5114 5426 5426 5426 5426 5454 5454 5454 5454 5288 5288 5288 5288
 0 0 0 0 0 0 0 0 5017 5017 5017 5017 5262 5262 5262 5262 5189 5189 5189 5189 5386 5386 5386 5386 5319 5319 5319 5319 5252 5252 5252 5252 5004 5004 5004 5004 5411 5411 5411 5411 5398 5398 5398 5398 5120 5120 5120 5120 5114 5114 5114 5114 5426 5426 5426 5426 5454 5454 5454 5454 5288 5288 5288 5288 0 0 0 0 0 0 0 0 5017 5017 5017 5017 5262 5262 5262 5262 5189 5189 5189 5189 5386 5386 5386 5386 5319 5319 5319 5319 5252 5252 5252 5252 5004 5004 5004 5004 5411 5411 5411 5411 5398 5398 5398 5398 5120 5120 5120 5120 5114 5114 5114 5114 5426 5426 5426 5426 5454 5454 5454 5454 5288 5288 5288 5288

 200000 200000 200000 200000 200000 200000 200000 200000 5017 5017 5017 5017 5262 5262 5262 5262 5189 5189 5189 5189 5386 5386 5386 5386 5319 5319 5319 5319 5252 5252 5252 5252 5004 5004 5004 5004 5411 5411 5411 5411 5398 5398 5398 5398 5120 5120 5120 5120 5037 5037 5037 5037 5217 5217 5217 5217 5051 5051 5051 5051 5210 5210 5210 5210 200000 200000 200000 200000 200000 200000 200000 200000 5017 5017 5017 5017 5262 5262 5262 5262 5189 5189 5189 5189 5386 5386 5386 5386 5319 5319 5319 5319 5252 5252 5252 5252 5004 5004 5004 5004 5411 5411 5411 5411 5398 5398 5398 5398 5120 5120 5120 5120 5037 5037 5037 5037 5217 5217 5217 5217 5051 5051 5051 5051 5210 5210 5210 5210
 0 0 0 0 0 0 0 0 5017 5017 5017 5017 5262 5262 5262 5262 5189 5189 5189 5189 5386 5386 5386 5386 5319 5319 5319 5319 5252 5252 5252 5252 5004 5004 5004 5004 5411 5411 5411 5411 5398 5398 5398 5398 5120 5120 5120 5120 5037 5037 5037 5037 5217 5217 5217 5217 5051 5051 5051 5051 5210 5210 5210 5210 0 0 0 0 0 0 0 0 5017 5017 5017 5017 5262 5262 5262 5262 5189 5189 5189 5189 5386 5386 5386 5386 5319 5319 5319 5319 5252 5252 5252 5252 5004 5004 5004 5004 5411 5411 5411 5411 5398 5398 5398 5398 5120 5120 5120 5120 5037 5037 5037 5037 5217 5217 5217 5217 5051 5051 5051 5051 5210 5210 5210 5210

 200000 200000 200000 200000 200000 200000 200000 200000 5017 5017 5017 5017 5262 5262 5262 5262 5189 5189 5189 5189 5386 5386 5386 5386 5319 5319 5319 5319 5252 5252 5252 5252 5004 5004 5004 5004 5411 5411 5411 5411 5398 5398 5398 5398 5120 5120 5120 5120 5351 5351 5351 5351 5381 5381 5381 5381 5368 5368 5368 5368 5402 5402 5402 5402 200000 200000 200000 200000 200000 200000 200000 200000 5017 5017 5017 5017 5262 5262 5262 5262 5189 5189 5189 5189 5386 5386 5386 5386 5319 5319 5319 5319 5252 5252 5252 5252 5004 5004 5004 5004 5411 5411 5411 5411 5398 5398 5398 5398 5120 5120 5120 5120 5351 5351 5351 5351 5381 5381 5381 5381 5368 5368 5368 5368 5402 5402 5402 5402
 0 0 0 0 0 0 0 0 5017 5017 5017 5017 5262 5262 5262 5262 5189 5189 5189 5189 5386 5386 5386 5386 5319 5319 5319 5319 5252 5252 5252 5252 5004 5004 5004 5004 5411 5411 5411 5411 5398 5398 5398 5398 5120 5120 5120 5120 5351 5351 5351 5351 5381 5381 5381 5381 5368 5368 5368 5368 5402 5402 5402 5402 0 0 0 0 0 0 0 0 5017 5017 5017 5017 5262 5262 5262 5262 5189 5189 5189 5189 5386 5386 5386 5386 5319 5319 5319 5319 5252 5252 5252 5252 5004 5004 5004 5004 5411 5411 5411 5411 5398 5398 5398 5398 5120 5120 5120 5120 5351 5351 5351 5351 5381 5381 5381 5381 5368 5368 5368 5368 5402 5402 5402 5402

 200000 200000 200000 200000 200000 200000 200000 200000 5017 5017 5017 5017 5262 5262 5262 5262 5189 5189 5189 5189 5386 5386 5386 5386 5319 5319 5319 5319 5252 5252 5252 5252 5004 5004 5004 5004 5411 5411 5411 5411 5398 5398 5398 5398 5120 5120 5120 5120 5152 5152 5152 5152 5048 5048 5048 5048 5424 5424 5424 5424 5398 5398 5398 5398 200000 200000 200000 200000 200000 200000 200000 200000 5017 5017 5017 5017 5262 5262 5262 5262 5189 5189 5189 5189 5386 5386 5386 5386 5319 5319 5319 5319 5252 5252 5252 5252 5004 5004 5004 5004 5411 5411 5411 5411 5398 5398 5398 5398 5120 5120 5120 5120 5152 5152 5152 5152 5048 5048 5048 5048 5424 5424 5424 5424 5398 5398 5398 5398
 0 0 0 0 0 0 0 0 5017 5017 5017 5017 5262 5262 5262 5262 5189 5189 5189 5189 5386 5386 5386 5386 5319 5319 5319 5319 5252 5252 5252 5252 5004 5004 5004 5004 5411 5411 5411 5411 5398 5398 5398 5398 5120 5120 5120 5120 5152 5152 5152 5152 5048 5048 5048 5048 5424 5424 5424 5424 5398 5398 5398 5398 0 0 0 0 0 0 0 0 5017 5017 5017 5017 5262 5262 5262 5262 5189 5189 5189 5189 5386 5386 5386 5386 5319 5319 5319 5319 5252 5252 5252 5252 5004 5004 5004 5004 5411 5411 5411 5411 5398 5398 5398 5398 5120 5120 5120 5120 5152 5152 5152 5152 5048 5048 5048 5048 5424 5424 5424 5424 5398 5398 5398 5398

 200000 200000 200000 200000 200000 200000 200000 200000 5017 5017 5017 5017 5262 5262 5262 5262 5189 5189 5189 5189 5386 5386 5386 5386 5319 5319 5319 5319 5252 5252 5252 5252 5004 5004 5004 5004 5411 5411 5411 5411 5398 5398 5398 5398 5120 5120 5120 5120 5167 5167 5167 5167 5429 5429 5429 5429 5217 5217 5217 5217 5223 5223 5223 5223 200000 200000 200000 200000 200000 200000 200000 200000 5017 5017 5017 5017 5262 5262 5262 5262 5189 5189 5189 5189 5386 5386 5386 5386 5319 5319 5319 5319 5252 5252 5252 5252 5004 5004 5004 5004 5411 5411 5411 5411 5398 5398 5398 5398 5120 5120 5120 5120 5167 5167 5167 5167 5429 5429 5429 5429 5217 5217 5217 5217 5223 5223 5223 5223
 0 0 0 0 0 0 0 0 5017 5017 5017 5017 5262 5262 5262 5262 5189 5189 5189 5189 5386 5386 5386 5386 5319 5319 5319 5319 5252 5252 5252 5252 5004 5004 5004 5004 5411 5411 5411 5411 5398 5398 5398 5398 5120 5120 5120 5120 5167 5167 5167 5167 5429 5429 5429 5429 5217 5217 5217 5217 5223 5223 5223 5223 0 0 0 0 0 0 0 0 5017 5017 5017 5017 5262 5262 5262 5262 5189 5189 5189 5189 5386 5386 5386 5386 5319 5319 5319 5319 5252 5252 5252 5252 5004 5004 5004 5004 5411 5411 5411 5411 5398 5398 5398 5398 5120 5120 5120 5120 5167 5167 5167 5167 5429 5429 5429 5429 5217 5217 5217 5217 5223 5223 5223 5223

 200000 200000 200000 200000 200000 200000 200000 200000 5017 5017 5017 5017 5262 5262 5262 5262 5189 5189 5189 5189 5386 5386 5386 5386 5319 5319 5319 5319 5252 5252 5252 5252 5004 5004 5004 5004 5411 5411 5411 5411 5398 5398 5398 5398 5120 5120 5120 5120 5496 5496 5496 5496 5153 5153 5153 5153 5124 5124 5124 5124 5082 5082 5082 5082 200000 200000 200000 200000 200000 200000 200000 200000 5017 5017 5017 5017 5262 5262 5262 5262 5189 5189 5189 5189 5386 5386 5386 5386 5319 5319 5319 5319 5252 5252 5252 5252 5004 5004 5004 5004 5411 5411 5411 5411 5398 5398 5398 5398 5120 5120 5120 5120 5496 5496 5496 5496 5153 5153 5153 5153 5124 5124 5124 5124 5082 5082 5082 5082
 0 0 0 0 0 0 0 0 5017 5017 5017 5017 5262 5262 5262 5262 5189 5189 5189 5189 5386 5386 5386 5386 5319 5319 5319 5319 5252 5252 5252 5252 5004 5004 5004 5004 5411 5411 5411 5411 5398 5398 5398 5398 5120 5120 5120 5120 5496 5496 5496 5496 5153 5153 5153 5153 5124 5124 5124 5124 5082 5082 5082 5082 0 0 0 0 0 0 0 0 5017 5017 5017 5017 5262 5262 5262 5262 5189 5189 5189 5189 5386 5386 5386 5386 5319 5319 5319 5319 5252 5252 5252 5252 5004 5004 5004 5004 5411 5411 5411 5411 5398 5398 5398 5398 5120 5120 5120 5120 5496 5496 5496 5496 5153 5153 5153 5153 5124 5124 5124 5124 5082 5082 5082 5082

 200000 200000 200000 200000 200000 200000 200000 200000 5017 5017 5017 5017 5262 5262 5262 5262 5189 5189 5189 5189 5386 5386 5386 5386 5319 5319 5319 5319 5252 5252 5252 5252 5004 5004 5004 5004 5411 5411 5411 5411 5398 5398 5398 5398 5120 5120 5120 5120 5240 5240 5240 5240 5491 5491 5491 5491 5167 5167 5167 5167 5270 5270 5270 5270 200000 200000 200000 200000 200000 200000 200000 200000 5017 5017 5017 5017 5262 5262 5262 5262 5189 5189 5189 5189 5386 5386 5386 5386 5319 5319 5319 5319 5252 5252 5252 5252 5004 5004 5004 5004 5411 5411 5411 5411 5398 5398 5398 5398 5120 5120 5120 5120 5240 5240 5240 5240 5491 5491 5491 5491 5167 5167 5167 5167 5270 5270 5270 5270
 0 0 0 0 0 0 0 0 5017 5017 5017 5017 5262 5262 5262 5262 5189 5189 5189 5189 5386 5386 5386 5386 5319 5319 5319 5319 5252 5252 5252 5252 5004 5004 5004 5004 5411 5411 5411 5411 5398 5398 5398 5398 5120 5120 5120 5120 5240 5240 5240 5240 5491 5491 5491 5491 5167 5167 5167 5167 5270 5270 5270 5270 0 0 0 0 0 0 0 0 5017 5017 5017 5017 5262 5262 5262 5262 5189 5189 5189 5189 5386 5386 5386 5386 5319 5319 5319 5319 5252 5252 5252 5252 5004 5004 5004 5004 5411 5411 5411 5411 5398 5398 5398 5398 5120 5120 5120 5120 5240 5240 5240 5240 5491 5491 5491 5491 5167 5167 5167 5167 5270 5270 5270 5270

 200000 200000 200000 200000 200000 200000 200000 200000 5017 5017 5017 5017 5262 5262 5262 5262 5189 5189 5189 5189 5386 5386 5386 5386 5319 5319 5319 5319 5252 5252 5252 5252 5379 5379 5379 5379 5052 5052 5052 5052 5281 5281 5281 5281 5040 5040 5040 5040 5066 5066 5066 5066 5398 5398 5398 5398 5449 5449 5449 5449 5068 5068 5068 5068 200000 200000 200000 200000 200000 200000 200000 200000 5017 5017 5017 5017 5262 5262 5262 5262 5189 5189 5189 5189 5386 5386 5386 5386 5319 5319 5319 5319 5252 5252 5252 5252 5379 5379 5379 5379 5052 5052 5052 5052 5281 5281 5281 5281 5040 5040 5040 5040 5066 5066 5066 5066 5398 5398 5398 5398 5449 5449 5449 5449 5068 5068 5068 5068
 0 0 0 0 0 0 0 0 5017 5017 5017 5017 5262 5262 5262 5262 5189 5189 5189 5189 5386 5386 5386 5386 5319 5319 5319 5319 5252 5252 5252 5252 5379 5379 5379 5379 5052 5052 5052 5052 5281 5281 5281 5281 5040 5040 5040 5040 5066 5066 5066 5066 5398 5398 5398 5398 5449 5449 5449 5449 5068 5068 5068 5068 0 0 0 0 0 0 0 0 5017 5017 5017 5017 5262 5262 5262 5262 5189 5189 5189 5189 5386 5386 5386 5386 5319 5319 5319 5319 5252 5252 5252 5252 5379 5379 5379 5379 5052 5052 5052 5052 5281 5281 5281 5281 5040 5040 5040 5040 5066 5066 5066 5066 5398 5398 5398 5398 5449 5449 5449 5449 5068 5068 5068 5068

 200000 200000 200000 200000 200000 200000 200000 200000 5017 5017 5017 5017 5262 5262 5262 5262 5189 5189 5189 5189 5386 5386 5386 5386 5319 5319 5319 5319 5252 5252 5252 5252 5091 5091 5091 5091 5200 5200 5200 5200 5164 5164 5164 5164 5392 5392 5392 5392 5253 5253 5253 5253 5425 5425 5425 5425 5491 5491 5491 5491 5034 5034 5034 5034 200000 200000 200000 200000 200000 200000 200000 200000 5017 5017 5017 5017 5262 5262 5262 5262 5189 5189 5189 5189 5386 5386 5386 5386 5319 5319 5319 5319 5252 5252 5252 5252 5091 5091 5091 5091 5200 5200 5200 5200 5164 5164 5164 5164 5392 5392 5392 5392 5253 5253 5253 5253 5425 5425 5425 5425 5491 5491 5491 5491 5034 5034 5034 5034
 0 0 0 0 0 0 0 0 5017 5017 5017 5017 5262 5262 5262 5262 5189 5189 5189 5189 5386 5386 5386 5386 5319 5319 5319 5319 5252 5252 5252 5252 5091 5091 5091 5091 5200 5200 5200 5200 5164 5164 5164 5164 5392 5392 5392 5392 5253 5253 5253 5253 5425 5425 5425 5425 5491 5491 5491 5491 5034 5034 5034 5034 0 0 0 0 0 0 0 0 5017 5017 5017 5017 5262 5262 5262 5262 5189 5189 5189 5189 5386 5386 5386 5386 5319 5319 5319 5319 5252 5252 5252 5252 5091 5091 5091 5091 5200 5200 5200 5200 5164 5164 5164 5164 5392 5392 5392 5392 5253 5253 5253 5253 5425 5425 5425 5425 5491 5491 5491 5491 5034 5034 5034 5034

 200000 200000 200000 200000 200000 200000 200000 200000 5017 5017 5017 5017 5262 5262 5262 5262 5189 5189 5189 5189 5386 5386 5386 5386 5319 5319 5319 5319 5252 5252 5252 5252 5272 5272 5272 5272 5386 5386 5386 5386 5026 5026 5026 5026 5224 5224 5224 5224 5102 5102 5102 5102 5062 5062 5062 5062 5373 5373 5373 5373 5021 5021 5021 5021 200000 200000 200000 200000 200000 200000 200000 200000 5017 5017 5017 5017 5262 5262 5262 5262 5189 5189 5189 5189 5386 5386 5386 5386 5319 5319 5319 5319 5252 5252 5252 5252 5272 5272 5272 5272 5386 5386 5386 5386 5026 5026 5026 5026 5224 5224 5224 5224 5102 5102 5102 5102 5062 5062 5062 5062 5373 5373 5373 5373 5021 5021 5021 5021
 0 0 0 0 0 0 0 0 5017 5017 5017 5017 5262 5262 5262 5262 5189 5189 5189 5189 5386 5386 5386 5386 5319 5319 5319 5319 5252 5252 5252 5252 5272 5272 5272 5272 5386 5386 5386 5386 5026 5026 5026 5026 5224 5224 5224 5224 5102 5102 5102 5102 5062 5062 5062 5062 5373 5373 5373 5373 5021 5021 5021 5021 0 0 0 0 0 0 0 0 5017 5017 5017 5017 5262 5262 5262 5262 5189 5189 5189 5189 5386 5386 5386 5386 5319 5319 5319 5319 5252 5252 5252 5252 5272 5272 5272 5272 5386 5386 5386 5386 5026 5026 5026 5026 5224 5224 5224 5224 5102 5102 5102 5102 5062 5062 5062 5062 5373 5373 5373 5373 5021 5021 5021 5021

 200000 200000 200000 200000 200000 200000 200000 200000 5017 5017 5017 5017 5262 5262 5262 5262 5189 5189 5189 5189 5386 5386 5386 5386 5319 5319 5319 5319 5252 5252 5252 5252 5375 5375 5375 5375 5485 5485 5485 5485 5441 5441 5441 5441 5055 5055 5055 5055 5380 5380 5380 5380 5331 5331 5331 5331 5091 5091 5091 5091 5423 5423 5423 5423 200000 200000 200000 200000 200000 200000 200000 200000 5017 5017 5017 5017 5262 5262 5262 5262 5189 5189 5189 5189 5386 5386 5386 5386 5319 5319 5319 5319 5252 5252 5252 5252 5375 5375 5375 5375 5485 5485 5485 5485 5441 5441 5441 5441 5055 5055 5055 5055 5380 5380 5380 5380 5331 5331 5331 5331 5091 5091 5091 5091 5423 5423 5423 5423
 0 0 0 0 0 0 0 0 5017 5017 5017 5017 5262 5262 5262 5262 5189 5189 5189 5189 5386 5386 5386 5386 5319 5319 5319 5319 5252 5252 5252 5252 5375 5375 5375 5375 5485 5485 5485 5485 5441 5441 5441 5441 5055 5055 5055 5055 5380 5380 5380 5380 5331 5331 5331 5331 5091 5091 5091 5091 5423 5423 5423 5423 0 0 0 0 0 0 0 0 5017 5017 5017 5017 5262 5262 5262 5262 5189 5189 5189 5189 5386 5386 5386 5386 5319 5319 5319 5319 5252 5252 5252 5252 5375 5375 5375 5375 5485 5485 5485 5485 5441 5441 5441 5441 5055 5055 5055 5055 5380 5380 5380 5380 5331 5331 5331 5331 5091 5091 5091 5091 5423 5423 5423 5423

 200000 200000 200000 200000 200000 200000 200000 200000 5017 5017 5017 5017 5262 5262 5262 5262 5189 5189 5189 5189 5386 5386 5386 5386 5319 5319 5319 5319 5252 5252 5252 5252 5047 5047 5047 5047 5485 5485 5485 5485 5186 5186 5186 5186 5455 5455 5455 5455 5259 5259 5259 5259 5449 5449 5449 5449 5179 5179 5179 5179 5449 5449 5449 5449 200000 200000 200000 200000 200000 200000 200000 200000 5017 5017 5017 5017 5262 5262 5262 5262 5189 5189 5189 5189 5386 5386 5386 5386 5319 5319 5319 5319 5252 5252 5252 5252 5047 5047 5047 5047 5485 5485 5485 5485 5186 5186 5186 5186 5455 5455 5455 5455 5259 5259 5259 5259 5449 5449 5449 5449 5179 5179 5179 5179 5449 5449 5449 5449
 0 0 0 0 0 0 0 0 5017 5017 5017 5017 5262 5262 5262 5262 5189 5189 5189 5189 5386 5386 5386 5386 5319 5319 5319 5319 5252 5252 5252 5252 5047 5047 5047 5047 5485 5485 5485 5485 5186 5186 5186 5186 5455 5455 5455 5455 5259 5259 5259 5259 5449 5449 5449 5449 5179 5179 5179 5179 5449 5449 5449 5449 0 0 0 0 0 0 0 0 5017 5017 5017 5017 5262 5262 5262 5262 5189 5189 5189 5189 5386 5386 5386 5386 5319 5319 5319 5319 5252 5252 5252 5252 5047 5047 5047 5047 5485 5485 5485 5485 5186 5186 5186 5186 5455 5455 5455 5455 5259 5259 5259 5259 5449 5449 5449 5449 5179 5179 5179 5179 5449 5449 5449 5449

 200000 200000 200000 200000 200000 200000 200000 200000 5017 5017 5017 5017 5262 5262 5262 5262 5189 5189 5189 5189 5386 5386 5386 5386 5319 5319 5319 5319 5252 5252 5252 5252 5347 5347 5347 5347 5140 5140 5140 5140 5097 5097 5097 5097 5431 5431 5431 5431 5097 5097 5097 5097 5333 5333 5333 5333 5046 5046 5046 5046 5335 5335 5335 5335 200000 200000 200000 200000 200000 200000 200000 200000 5017 5017 5017 5017 5262 5262 5262 5262 5189 5189 5189 5189 5386 5386 5386 5386 5319 5319 5319 5319 5252 5252 5252 5252 5347 5347 5347 5347 5140 5140 5140 5140 5097 5097 5097 5097 5431 5431 5431 5431 5097 5097 5097 5097 5333 5333 5333 5333 5046 5046 5046 5046 5335 5335 5335 5335
 0 0 0 0 0 0 0 0 5017 5017 5017 5017 5262 5262 5262 5262 5189 5189 5189 5189 5386 5386 5386 5386 5319 5319 5319 5319 5252 5252 5252 5252 5347 5347 5347 5347 5140 5140 5140 5140 5097 5097 5097 5097 5431 5431 5431 5431 5097 5097 5097 5097 5333 5333 5333 5333 5046 5046 5046 5046 5335 5335 5335 5335 0 0 0 0 0 0 0 0 5017 5017 5017 5017 5262 5262 5262 5262 5189 5189 5189 5189 5386 5386 5386 5386 5319 5319 5319 5319 5252 5252 5252 5252 5347 5347 5347 5347 5140 5140 5140 5140 5097 5097 5097 5097 5431 5431 5431 5431 5097 5097 5097 5097 5333 5333 5333 5333 5046 5046 5046 5046 5335 5335 5335 5335

 200000 200000 200000 200000 200000 200000 200000 200000 5017 5017 5017 5017 5262 5262 5262 5262 5189 5189 5189 5189 5386 5386 5386 5386 5319 5319 5319 5319 5252 5252 5252 5252 5472 5472 5472 5472 5030 5030 5030 5030 5316 5316 5316 5316 5025 5025 5025 5025 5201 5201 5201 5201 5394 5394 5394 5394 5002 5002 5002 5002 5232 5232 5232 5232 200000 200000 200000 200000 200000 200000 200000 200000 5017 5017 5017 5017 5262 5262 5262 5262 5189 5189 5189 5189 5386 5386 5386 5386 5319 5319 5319 5319 5252 5252 5252 5252 5472 5472 5472 5472 5030 5030 5030 5030 5316 5316 5316 5316 5025 5025 5025 5025 5201 5201 5201 5201 5394 5394 5394 5394 5002 5002 5002 5002 5232 5232 5232 5232
 0 0 0 0 0 0 0 0 5017 5017 5017 5017 5262 5262 5262 5262 5189 5189 5189 5189 5386 5386 5386 5386 5319 5319 5319 5319 5252 5252 5252 5252 5472 5472 5472 5472 5030 5030 5030 5030 5316 5316 5316 5316 5025 5025 5025 5025 5201 5201 5201 5201 5394 5394 5394 5394 5002 5002 5002 5002 5232 5232 5232 5232 0 0 0 0 0 0 0 0 5017 5017 5017 5017 5262 5262 5262 5262 5189 5189 5189 5189 5386 5386 5386 5386 5319 5319 5319 5319 5252 5252 5252 5252 5472 5472 5472 5472 5030 5030 5030 5030 5316 5316 5316 5316 5025 5025 5025 5025 5201 5201 5201 5201 5394 5394 5394 5394 5002 5002 5002 5002 5232 5232 5232 5232

 200000 200000 200000 200000 200000 200000 200000 200000 5017 5017 5017 5017 5262 5262 5262 5262 5189 5189 5189 5189 5386 5386 5386 5386 5319 5319 5319 5319 5252 5252 5252 5252 5301 5301 5301 5301 5340 5340 5340 5340 5414 5414 5414 5414 5266 5266 5266 5266 5202 5202 5202 5202 5418 5418 5418 5418 5256 5256 5256 5256 5322 5322 5322 5322 200000 200000 200000 200000 200000 200000 200000 200000 5017 5017 5017 5017 5262 5262 5262 5262 5189 5189 5189 5189 5386 5386 5386 5386 5319 5319 5319 5319 5252 5252 5252 5252 5301 5301 5301 5301 5340 5340 5340 5340 5414 5414 5414 5414 5266 5266 5266 5266 5202 5202 5202 5202 5418 5418 5418 5418 5256 5256 5256 5256 5322 5322 5322 5322
 0 0 0 0 0 0 0 0 5017 5017 5017 5017 5262 5262 5262 5262 5189 5189 5189 5189 5386 5386 5386 5386 5319 5319 5319 5319 5252 5252 5252 5252 5301 5301 5301 5301 5340 5340 5340 5340 5414 5414 5414 5414 5266 5266 5266 5266 5202 5202 5202 5202 5418 5418 5418 5418 5256 5256 5256 5256 5322 5322 5322 5322 0 0 0 0 0 0 0 0 5017 5017 5017 5017 5262 5262 5262 5262 5189 5189 5189 5189 5386 5386 5386 5386 5319 5319 5319 5319 5252 5252 5252 5252 5301 5301 5301 5301 5340 5340 5340 5340 5414 5414 5414 5414 5266 5266 5266 5266 5202 5202 5202 5202 5418 5418 5418 5418 5256 5256 5256 5256 5322 5322 5322 5322

 200000 200000 200000 200000 200000 200000 200000 200000 5017 5017 5017 5017 5262 5262 5262 5262 5189 5189 5189 5189 5386 5386 5386 5386 5319 5319 5319 5319 5252 5252 5252 5252 5116 5116 5116 5116 5261 5261 5261 5261 5172 5172 5172 5172 5022 5022 5022 5022 5272 5272 5272 5272 5472 5472 5472 5472 5038 5038 5038 5038 5364 5364 5364 5364 200000 200000 200000 200000 200000 200000 200000 200000 5017 5017 5017 5017 5262 5262 5262 5262 5189 5189 5189 5189 5386 5386 5386 5386 5319 5319 5319 5319 5252 5252 5252 5252 5116 5116 5116 5116 5261 5261 5261 5261 5172 5172 5172 5172 5022 5022 5022 5022 5272 5272 5272 5272 5472 5472 5472 5472 5038 5038 5038 5038 5364 5364 5364 5364
 0 0 0 0 0 0 0 0 5017 5017 5017 5017 5262 5262 5262 5262 5189 5189 5189 5189 5386 5386 5386 5386 5319 5319 5319 5319 5252 5252 5252 5252 5116 5116 5116 5116 5261 5261 5261 5261 5172 5172 5172 5172 5022 5022 5022 5022 5272 5272 5272 5272 5472 5472 5472 5472 5038 5038 5038 5038 5364 5364 5364 5364 0 0 0 0 0 0 0 0 5017 5017 5017 5017 5262 5262 5262 5262 5189 5189 5189 5189 5386 5386 5386 5386 5319 5319 5319 5319 5252 5252 5252 5252 5116 5116 5116 5116 5261 5261 5261 5261 5172 5172 5172 5172 5022 5022 5022 5022 5272 5272 5272 5272 5472 5472 5472 5472 5038 5038 5038 5038 5364 5364 5364 5364

 200000 200000 200000 200000 200000 200000 200000 200000 5017 5017 5017 5017 5262 5262 5262 5262 5189 5189 5189 5189 5386 5386 5386 5386 5319 5319 5319 5319 5252 5252 5252 5252 5406 5406 5406 5406 5461 5461 5461 5461 5036 5036 5036 5036 5396 5396 5396 5396 5124 5124 5124 5124 5023 5023 5023 5023 5060 5060 5060 5060 5106 5106 5106 5106 200000 200000 200000 200000 200000 200000 200000 200000 5017 5017 5017 5017 5262 5262 5262 5262 5189 5189 5189 5189 5386 5386 5386 5386 5319 5319 5319 5319 5252 5252 5252 5252 5406 5406 5406 5406 5461 5461 5461 5461 5036 5036 5036 5036 5396 5396 5396 5396 5124 5124 5124 5124 5023 5023 5023 5023 5060 5060 5060 5060 5106 5106 5106 5106
 0 0 0 0 0 0 0 0 5017 5017 5017 5017 5262 5262 5262 5262 5189 5189 5189 5189 5386 5386 5386 5386 5319 5319 5319 5319 5252 5252 5252 5252 5406 5406 5406 5406 5461 5461 5461 5461 5036 5036 5036 5036 5396 5396 5396 5396 5124 5124 5124 5124 5023 5023 5023 5023 5060 5060 5060 5060 5106 5106 5106 5106 0 0 0 0 0 0 0 0 5017 5017 5017 5017 5262 5262 5262 5262 5189 5189 5189 5189 5386 5386 5386 5386 5319 5319 5319 5319 5252 5252 5252 5252 5406 5406 5406 5406 5461 5461 5461 5461 5036 5036 5036 5036 5396 5396 5396 5396 5124 5124 5124 5124 5023 5023 5023 5023 5060 5060 5060 5060 5106 5106 5106 5106

 200000 200000 200000 200000 200000 200000 200000 200000 5017 5017 5017 5017 5262 5262 5262 5262 5189 5189 5189 5189 5386 5386 5386 5386 5319 5319 5319 5319 5252 5252 5252 5252 5119 5119 5119 5119 5027 5027 5027 5027 5174 5174 5174 5174 5053 5053 5053 5053 5415 5415 5415 5415 5023 5023 5023 5023 5286 5286 5286 5286 5168 5168 5168 5168 200000 200000 200000 200000 200000 200000 200000 200000 5017 5017 5017 5017 5262 5262 5262 5262 5189 5189 5189 5189 5386 5386 5386 5386 5319 5319 5319 5319 5252 5252 5252 5252 5119 5119 5119 5119 5027 5027 5027 5027 5174 5174 5174 5174 5053 5053 5053 5053 5415 5415 5415 5415 5023 5023 5023 5023 5286 5286 5286 5286 5168 5168 5168 5168
 0 0 0 0 0 0 0 0 5017 5017 5017 5017 5262 5262 5262 5262 5189 5189 5189 5189 5386 5386 5386 5386 5319 5319 5319 5319 5252 5252 5252 5252 5119 5119 5119 5119 5027 5027 5027 5027 5174 5174 5174 5174 5053 5053 5053 5053 5415 5415 5415 5415 5023 5023 5023 5023 5286 5286 5286 5286 5168 5168 5168 5168 0 0 0 0 0 0 0 0 5017 5017 5017 5017 5262 5262 5262 5262 5189 5189 5189 5189 5386 5386 5386 5386 5319 5319 5319 5319 5252 5252 5252 5252 5119 5119 5119 5119 5027 5027 5027 5027 5174 5174 5174 5174 5053 5053 5053 5053 5415 5415 5415 5415 5023 5023 5023 5023 5286 5286 5286 5286 5168 5168 5168 5168

 200000 200000 200000 200000 200000 200000 200000 200000 5017 5017 5017 5017 5262 5262 5262 5262 5189 5189 5189 5189 5386 5386 5386 5386 5319 5319 5319 5319 5252 5252 5252 5252 5119 5119 5119 5119 5027 5027 5027 5027 5174 5174 5174 5174 5053 5053 5053 5053 5012 5012 5012 5012 5401 5401 5401 5401 5128 5128 5128 5128 5003 5003 5003 5003 200000 200000 200000 200000 200000 200000 200000 200000 5017 5017 5017 5017 5262 5262 5262 5262 5189 5189 5189 5189 5386 5386 5386 5386 5319 5319 5319 5319 5252 5252 5252 5252 5119 5119 5119 5119 5027 5027 5027 5027 5174 5174 5174 5174 5053 5053 5053 5053 5012 5012 5012 5012 5401 5401 5401 5401 5128 5128 5128 5128 5003 5003 5003 5003
 0 0 0 0 0 0 0 0 5017 5017 5017 5017 5262 5262 5262 5262 5189 5189 5189 5189 5386 5386 5386 5386 5319 5319 5319 5319 5252 5252 5252 5252 5119 5119 5119 5119 5027 5027 5027 5027 5174 5174 5174 5174 5053 5053 5053 5053 5012 5012 5012 5012 5401 5401 5401 5401 5128 5128 5128 5128 5003 5003 5003 5003 0 0 0 0 0 0 0 0 5017 5017 5017 5017 5262 5262 5262 5262 5189 5189 5189 5189 5386 5386 5386 5386 5319 5319 5319 5319 5252 5252 5252 5252 5119 5119 5119 5119 5027 5027 5027 5027 5174 5174 5174 5174 5053 5053 5053 5053 5012 5012 5012 5012 5401 5401 5401 5401 5128 5128 5128 5128 5003 5003 5003 5003

 200000 200000 200000 200000 200000 200000 200000 200000 5017 5017 5017 5017 5262 5262 5262 5262 5189 5189 5189 5189 5386 5386 5386 5386 5319 5319 5319 5319 5252 5252 5252 5252 5119 5119 5119 5119 5027 5027 5027 5027 5174 5174 5174 5174 5053 5053 5053 5053 5312 5312 5312 5312 5433 5433 5433 5433 5126 5126 5126 5126 5345 5345 5345 5345 200000 200000 200000 200000 200000 200000 200000 200000 5017 5017 5017 5017 5262 5262 5262 5262 5189 5189 5189 5189 5386 5386 5386 5386 5319 5319 5319 5319 5252 5252 5252 5252 5119 5119 5119 5119 5027 5027 5027 5027 5174 5174 5174 5174 5053 5053 5053 5053 5312 5312 5312 5312 5433 5433 5433 5433 5126 5126 5126 5126 5345 5345 5345 5345
 0 0 0 0 0 0 0 0 5017 5017 5017 5017 5262 5262 5262 5262 5189 5189 5189 5189 5386 5386 5386 5386 5319 5319 5319 5319 5252 5252 5252 5252 5119 5119 5119 5119 5027 5027 5027 5027 5174 5174 5174 5174 5053 5053 5053 5053 5312 5312 5312 5312 5433 5433 5433 5433 5126 5126 5126 5126 5345 5345 5345 5345 0 0 0 0 0 0 0 0 5017 5017 5017 5017 5262 5262 5262 5262 5189 5189 5189 5189 5386 5386 5386 5386 5319 5319 5319 5319 5252 5252 5252 5252 5119 5119 5119 5119 5027 5027 5027 5027 5174 5174 5174 5174 5053 5053 5053 5053 5312 5312 5312 5312 5433 5433 5433 5433 5126 5126 5126 5126 5345 5345 5345 5345

 200000 200000 200000 200000 200000 200000 200000 200000 5017 5017 5017 5017 5262 5262 5262 5262 5189 5189 5189 5189 5386 5386 5386 5386 5319 5319 5319 5319 5252 5252 5252 5252 5119 5119 5119 5119 5027 5027 5027 5027 5174 5174 5174 5174 5053 5053 5053 5053 5359 5359 5359 5359 5151 5151 5151 5151 5319 5319 5319 5319 5027 5027 5027 5027 200000 200000 200000 200000 200000 200000 200000 200000 5017 5017 5017 5017 5262 5262 5262 5262 5189 5189 5189 5189 5386 5386 5386 5386 5319 5319 5319 5319 5252 5252 5252 5252 5119 5119 5119 5119 5027 5027 5027 5027 5174 5174 5174 5174 5053 5053 5053 5053 5359 5359 5359 5359 5151 5151 5151 5151 5319 5319 5319 5319 5027 5027 5027 5027
 0 0 0 0 0 0 0 0 5017 5017 5017 5017 5262 5262 5262 5262 5189 5189 5189 5189 5386 5386 5386 5386 5319 5319 5319 5319 5252 5252 5252 5252 5119 5119 5119 5119 5027 5027 5027 5027 5174 5174 5174 5174 5053 5053 5053 5053 5359 5359 5359 5359 5151 5151 5151 5151 5319 5319 5319 5319 5027 5027 5027 5027 0 0 0 0 0 0 0 0 5017 5017 5017 5017 5262 5262 5262 5262 5189 5189 5189 5189 5386 5386 5386 5386 5319 5319 5319 5319 5252 5252 5252 5252 5119 5119 5119 5119 5027 5027 5027 5027 5174 5174 5174 5174 5053 5053 5053 5053 5359 5359 5359 5359 5151 5151 5151 5151 5319 5319 5319 5319 5027 5027 5027 5027

 200000 200000 200000 200000 200000 200000 200000 200000 5017 5017 5017 5017 5262 5262 5262 5262 5189 5189 5189 5189 5386 5386 5386 5386 5319 5319 5319 5319 5252 5252 5252 5252 5119 5119 5119 5119 5027 5027 5027 5027 5174 5174 5174 5174 5053 5053 5053 5053 5362 5362 5362 5362 5262 5262 5262 5262 5236 5236 5236 5236 5013 5013 5013 5013 200000 200000 200000 200000 200000 200000 200000 200000 5017 5017 5017 5017 5262 5262 5262 5262 5189 5189 5189 5189 5386 5386 5386 5386 5319 5319 5319 5319 5252 5252 5252 5252 5119 5119 5119 5119 5027 5027 5027 5027 5174 5174 5174 5174 5053 5053 5053 5053 5362 5362 5362 5362 5262 5262 5262 5262 5236 5236 5236 5236 5013 5013 5013 5013
 0 0 0 0 0 0 0 0 5017 5017 5017 5017 5262 5262 5262 5262 5189 5189 5189 5189 5386 5386 5386 5386 5319 5319 5319 5319 5252 5252 5252 5252 5119 5119 5119 5119 5027 5027 5027 5027 5174 5174 5174 5174 5053 5053 5053 5053 5362 5362 5362 5362 5262 5262 5262 5262 5236 5236 5236 5236 5013 5013 5013 5013 0 0 0 0 0 0 0 0 5017 5017 5017 5017 5262 5262 5262 5262 5189 5189 5189 5189 5386 5386 5386 5386 5319 5319 5319 5319 5252 5252 5252 5252 5119 5119 5119 5119 5027 5027 5027 5027 5174 5174 5174 5174 5053 5053 5053 5053 5362 5362 5362 5362 5262 5262 5262 5262 5236 5236 5236 5236 5013 5013 5013 5013

 200000 200000 200000 200000 200000 200000 200000 200000 5017 5017 5017 5017 5262 5262 5262 5262 5189 5189 5189 5189 5386 5386 5386 5386 5319 5319 5319 5319 5252 5252 5252 5252 5119 5119 5119 5119 5027 5027 5027 5027 5174 5174 5174 5174 5053 5053 5053 5053 5491 5491 5491 5491 5038 5038 5038 5038 5107 5107 5107 5107 5192 5192 5192 5192 200000 200000 200000 200000 200000 200000 200000 200000 5017 5017 5017 5017 5262 5262 5262 5262 5189 5189 5189 5189 5386 5386 5386 5386 5319 5319 5319 5319 5252 5252 5252 5252 5119 5119 5119 5119 5027 5027 5027 5027 5174 5174 5174 5174 5053 5053 5053 5053 5491 5491 5491 5491 5038 5038 5038 5038 5107 5107 5107 5107 5192 5192 5192 5192
 0 0 0 0 0 0 0 0 5017 5017 5017 5017 5262 5262 5262 5262 5189 5189 5189 5189 5386 5386 5386 5386 5319 5319 5319 5319 5252 5252 5252 5252 5119 5119 5119 5119 5027 5027 5027 5027 5174 5174 5174 5174 5053 5053 5053 5053 5491 5491 5491 5491 5038 5038 5038 5038 5107 5107 5107 5107 5192 5192 5192 5192 0 0 0 0 0 0 0 0 5017 5017 5017 5017 5262 5262 5262 5262 5189 5189 5189 5189 5386 5386 5386 5386 5319 5319 5319 5319 5252 5252 5252 5252 5119 5119 5119 5119 5027 5027 5027 5027 5174 5174 5174 5174 5053 5053 5053 5053 5491 5491 5491 5491 5038 5038 5038 5038 5107 5107 5107 5107 5192 5192 5192 5192

 200000 200000 200000 200000 200000 200000 200000 200000 5017 5017 5017 5017 5262 5262 5262 5262 5189 5189 5189 5189 5386 5386 5386 5386 5319 5319 5319 5319 5252 5252 5252 5252 5119 5119 5119 5119 5027 5027 5027 5027 5174 5174 5174 5174 5053 5053 5053 5053 5182 5182 5182 5182 5332 5332 5332 5332 5262 5262 5262 5262 5349 5349 5349 5349 200000 200000 200000 200000 200000 200000 200000 200000 5017 5017 5017 5017 5262 5262 5262 5262 5189 5189 5189 5189 5386 5386 5386 5386 5319 5319 5319 5319 5252 5252 5252 5252 5119 5119 5119 5119 5027 5027 5027 5027 5174 5174 5174 5174 5053 5053 5053 5053 5182 5182 5182 5182 5332 5332 5332 5332 5262 5262 5262 5262 5349 5349 5349 5349
 0 0 0 0 0 0 0 0 5017 5017 5017 5017 5262 5262 5262 5262 5189 5189 5189 5189 5386 5386 5386 5386 5319 5319 5319 5319 5252 5252 5252 5252 5119 5119 5119 5119 5027 5027 5027 5027 5174 5174 5174 5174 5053 5053 5053 5053 5182 5182 5182 5182 5332 5332 5332 5332 5262 5262 5262 5262 5349 5349 5349 5349 0 0 0 0 0 0 0 0 5017 5017 5017 5017 5262 5262 5262 5262 5189 5189 5189 5189 5386 5386 5386 5386 5319 5319 5319 5319 5252 5252 5252 5252 5119 5119 5119 5119 5027 5027 5027 5027 5174 5174 5174 5174 5053 5053 5053 5053 5182 5182 5182 5182 5332 5332 5332 5332 5262 5262 5262 5262 5349 5349 5349 5349

 200000 200000 200000 200000 200000 200000 200000 200000 5017 5017 5017 5017 5262 5262 5262 5262 5189 5189 5189 5189 5386 5386 5386 5386 5319 5319 5319 5319 5252 5252 5252 5252 5119 5119 5119 5119 5027 5027 5027 5027 5174 5174 5174 5174 5053 5053 5053 5053 5155 5155 5155 5155 5441 5441 5441 5441 5003 5003 5003 5003 5001 5001 5001 5001 200000 200000 200000 200000 200000 200000 200000 200000 5017 5017 5017 5017 5262 5262 5262 5262 5189 5189 5189 5189 5386 5386 5386 5386 5319 5319 5319 5319 5252 5252 5252 5252 5119 5119 5119 5119 5027 5027 5027 5027 5174 5174 5174 5174 5053 5053 5053 5053 5155 5155 5155 5155 5441 5441 5441 5441 5003 5003 5003 5003 5001 5001 5001 5001
 0 0 0 0 0 0 0 0 5017 5017 5017 5017 5262 5262 5262 5262 5189 5189 5189 5189 5386 5386 5386 5386 5319 5319 5319 5319 5252 5252 5252 5252 5119 5119 5119 5119 5027 5027 5027 5027 5174 5174 5174 5174 5053 5053 5053 5053 5155 5155 5155 5155 5441 5441 5441 5441 5003 5003 5003 5003 5001 5001 5001 5001 0 0 0 0 0 0 0 0 5017 5017 5017 5017 5262 5262 5262 5262 5189 5189 5189 5189 5386 5386 5386 5386 5319 5319 5319 5319 5252 5252 5252 5252 5119 5119 5119 5119 5027 5027 5027 5027 5174 5174 5174 5174 5053 5053 5053 5053 5155 5155 5155 5155 5441 5441 5441 5441 5003 5003 5003 5003 5001 5001 5001 5001

 200000 200000 200000 200000 200000 200000 200000 200000 5017 5017 5017 5017 5262 5262 5262 5262 5189 5189 5189 5189 5386 5386 5386 5386 5319 5319 5319 5319 5252 5252 5252 5252 5119 5119 5119 5119 5027 5027 5027 5027 5174 5174 5174 5174 5053 5053 5053 5053 5311 5311 5311 5311 5459 5459 5459 5459 5374 5374 5374 5374 5181 5181 5181 5181 200000 200000 200000 200000 200000 200000 200000 200000 5017 5017 5017 5017 5262 5262 5262 5262 5189 5189 5189 5189 5386 5386 5386 5386 5319 5319 5319 5319 5252 5252 5252 5252 5119 5119 5119 5119 5027 5027 5027 5027 5174 5174 5174 5174 5053 5053 5053 5053 5311 5311 5311 5311 5459 5459 5459 5459 5374 5374 5374 5374 5181 5181 5181 5181
 0 0 0 0 0 0 0 0 5017 5017 5017 5017 5262 5262 5262 5262 5189 5189 5189 5189 5386 5386 5386 5386 5319 5319 5319 5319 5252 5252 5252 5252 5119 5119 5119 5119 5027 5027 5027 5027 5174 5174 5174 5174 5053 5053 5053 5053 5311 5311 5311 5311 5459 5459 5459 5459 5374 5374 5374 5374 5181 5181 5181 5181 0 0 0 0 0 0 0 0 5017 5017 5017 5017 5262 5262 5262 5262 5189 5189 5189 5189 5386 5386 5386 5386 5319 5319 5319 5319 5252 5252 5252 5252 5119 5119 5119 5119 5027 5027 5027 5027 5174 5174 5174 5174 5053 5053 5053 5053 5311 5311 5311 5311 5459 5459 5459 5459 5374 5374 5374 5374 5181 5181 5181 5181

 200000 200000 200000 200000 200000 200000 200000 200000 5017 5017 5017 5017 5262 5262 5262 5262 5189 5189 5189 5189 5386 5386 5386 5386 5319 5319 5319 5319 5252 5252 5252 5252 5119 5119 5119 5119 5027 5027 5027 5027 5174 5174 5174 5174 5053 5053 5053 5053 5375 5375 5375 5375 5253 5253 5253 5253 5136 5136 5136 5136 5252 5252 5252 5252 200000 200000 200000 200000 200000 200000 200000 200000 5017 5017 5017 5017 5262 5262 5262 5262 5189 5189 5189 5189 5386 5386 5386 5386 5319 5319 5319 5319 5252 5252 5252 5252 5119 5119 5119 5119 5027 5027 5027 5027 5174 5174 5174 5174 5053 5053 5053 5053 5375 5375 5375 5375 5253 5253 5253 5253 5136 5136 5136 5136 5252 5252 5252 5252
 0 0 0 0 0 0 0 0 5017 5017 5017 5017 5262 5262 5262 5262 5189 5189 5189 5189 5386 5386 5386 5386 5319 5319 5319 5319 5252 5252 5252 5252 5119 5119 5119 5119 5027 5027 5027 5027 5174 5174 5174 5174 5053 5053 5053 5053 5375 5375 5375 5375 5253 5253 5253 5253 5136 5136 5136 5136 5252 5252 5252 5252 0 0 0 0 0 0 0 0 5017 5017 5017 5017 5262 5262 5262 5262 5189 5189 5189 5189 5386 5386 5386 5386 5319 5319 5319 5319 5252 5252 5252 5252 5119 5119 5119 5119 5027 5027 5027 5027 5174 5174 5174 5174 5053 5053 5053 5053 5375 5375 5375 5375 5253 5253 5253 5253 5136 5136 5136 5136 5252 5252 5252 5252

 200000 200000 200000 200000 200000 200000 200000 200000 5017 5017 5017 5017 5262 5262 5262 5262 5189 5189 5189 5189 5386 5386 5386 5386 5319 5319 5319 5319 5252 5252 5252 5252 5119 5119 5119 5119 5027 5027 5027 5027 5174 5174 5174 5174 5053 5053 5053 5053 5402 5402 5402 5402 5369 5369 5369 5369 5441 5441 5441 5441 5007 5007 5007 5007 200000 200000 200000 200000 200000 200000 200000 200000 5017 5017 5017 5017 5262 5262 5262 5262 5189 5189 5189 5189 5386 5386 5386 5386 5319 5319 5319 5319 5252 5252 5252 5252 5119 5119 5119 5119 5027 5027 5027 5027 5174 5174 5174 5174 5053 5053 5053 5053 5402 5402 5402 5402 5369 5369 5369 5369 5441 5441 5441 5441 5007 5007 5007 5007
 0 0 0 0 0 0 0 0 5017 5017 5017 5017 5262 5262 5262 5262 5189 5189 5189 5189 5386 5386 5386 5386 5319 5319 5319 5319 5252 5252 5252 5252 5119 5119 5119 5119 5027 5027 5027 5027 5174 5174 5174 5174 5053 5053 5053 5053 5402 5402 5402 5402 5369 5369 5369 5369 5441 5441 5441 5441 5007 5007 5007 5007 0 0 0 0 0 0 0 0 5017 5017 5017 5017 5262 5262 5262 5262 5189 5189 5189 5189 5386 5386 5386 5386 5319 5319 5319 5319 5252 5252 5252 5252 5119 5119 5119 5119 5027 5027 5027 5027 5174 5174 5174 5174 5053 5053 5053 5053 5402 5402 5402 5402 5369 5369 5369 5369 5441 5441 5441 5441 5007 5007 5007 5007

 200000 200000 200000 200000 200000 200000 200000 200000 5017 5017 5017 5017 5262 5262 5262 5262 5189 5189 5189 5189 5386 5386 5386 5386 5319 5319 5319 5319 5252 5252 5252 5252 5119 5119 5119 5119 5027 5027 5027 5027 5174 5174 5174 5174 5053 5053 5053 5053 5095 5095 5095 5095 5492 5492 5492 5492 5315 5315 5315 5315 5242 5242 5242 5242 200000 200000 200000 200000 200000 200000 200000 200000 5017 5017 5017 5017 5262 5262 5262 5262 5189 5189 5189 5189 5386 5386 5386 5386 5319 5319 5319 5319 5252 5252 5252 5252 5119 5119 5119 5119 5027 5027 5027 5027 5174 5174 5174 5174 5053 5053 5053 5053 5095 5095 5095 5095 5492 5492 5492 5492 5315 5315 5315 5315 5242 5242 5242 5242
 0 0 0 0 0 0 0 0 5017 5017 5017 5017 5262 5262 5262 5262 5189 5189 5189 5189 5386 5386 5386 5386 5319 5319 5319 5319 5252 5252 5252 5252 5119 5119 5119 5119 5027 5027 5027 5027 5174 5174 5174 5174 5053 5053 5053 5053 5095 5095 5095 5095 5492 5492 5492 5492 5315 5315 5315 5315 5242 5242 5242 5242 0 0 0 0 0 0 0 0 5017 5017 5017 5017 5262 5262 5262 5262 5189 5189 5189 5189 5386 5386 5386 5386 5319 5319 5319 5319 5252 5252 5252 5252 5119 5119 5119 5119 5027 5027 5027 5027 5174 5174 5174 5174 5053 5053 5053 5053 5095 5095 5095 5095 5492 5492 5492 5492 5315 5315 5315 5315 5242 5242 5242 5242

 200000 200000 200000 200000 200000 200000 200000 200000 5017 5017 5017 5017 5262 5262 5262 5262 5189 5189 5189 5189 5386 5386 5386 5386 5319 5319 5319 5319 5252 5252 5252 5252 5119 5119 5119 5119 5027 5027 5027 5027 5174 5174 5174 5174 5053 5053 5053 5053 5013 5013 5013 5013 5356 5356 5356 5356 5019 5019 5019 5019 5476 5476 5476 5476 200000 200000 200000 200000 200000 200000 200000 200000 5017 5017 5017 5017 5262 5262 5262 5262 5189 5189 5189 5189 5386 5386 5386 5386 5319 5319 5319 5319 5252 5252 5252 5252 5119 5119 5119 5119 5027 5027 5027 5027 5174 5174 5174 5174 5053 5053 5053 5053 5013 5013 5013 5013 5356 5356 5356 5356 5019 5019 5019 5019 5476 5476 5476 5476
 0 0 0 0 0 0 0 0 5017 5017 5017 5017 5262 5262 5262 5262 5189 5189 5189 5189 5386 5386 5386 5386 5319 5319 5319 5319 5252 5252 5252 5252 5119 5119 5119 5119 5027 5027 5027 5027 5174 5174 5174 5174 5053 5053 5053 5053 5013 5013 5013 5013 5356 5356 5356 5356 5019 5019 5019 5019 5476 5476 5476 5476 0 0 0 0 0 0 0 0 5017 5017 5017 5017 5262 5262 5262 5262 5189 5189 5189 5189 5386 5386 5386 5386 5319 5319 5319 5319 5252 5252 5252 5252 5119 5119 5119 5119 5027 5027 5027 5027 5174 5174 5174 5174 5053 5053 5053 5053 5013 5013 5013 5013 5356 5356 5356 5356 5019 5019 5019 5019 5476 5476 5476 5476

 200000 200000 200000 200000 200000 200000 200000 200000 5017 5017 5017 5017 5262 5262 5262 5262 5189 5189 5189 5189 5386 5386 5386 5386 5319 5319 5319 5319 5252 5252 5252 5252 5119 5119 5119 5119 5027 5027 5027 5027 5174 5174 5174 5174 5053 5053 5053 5053 5136 5136 5136 5136 5115 5115 5115 5115 5042 5042 5042 5042 5236 5236 5236 5236 200000 200000 200000 200000 200000 200000 200000 200000 5017 5017 5017 5017 5262 5262 5262 5262 5189 5189 5189 5189 5386 5386 5386 5386 5319 5319 5319 5319 5252 5252 5252 5252 5119 5119 5119 5119 5027 5027 5027 5027 5174 5174 5174 5174 5053 5053 5053 5053 5136 5136 5136 5136 5115 5115 5115 5115 5042 5042 5042 5042 5236 5236 5236 5236
 0 0 0 0 0 0 0 0 5017 5017 5017 5017 5262 5262 5262 5262 5189 5189 5189 5189 5386 5386 5386 5386 5319 5319 5319 5319 5252 5252 5252 5252 5119 5119 5119 5119 5027 5027 5027 5027 5174 5174 5174 5174 5053 5053 5053 5053 5136 5136 5136 5136 5115 5115 5115 5115 5042 5042 5042 5042 5236 5236 5236 5236 0 0 0 0 0 0 0 0 5017 5017 5017 5017 5262 5262 5262 5262 5189 5189 5189 5189 5386 5386 5386 5386 5319 5319 5319 5319 5252 5252 5252 5252 5119 5119 5119 5119 5027 5027 5027 5027 5174 5174 5174 5174 5053 5053 5053 5053 5136 5136 5136 5136 5115 5115 5115 5115 5042 5042 5042 5042 5236 5236 5236 5236

 200000 200000 200000 200000 200000 200000 200000 200000 5017 5017 5017 5017 5262 5262 5262 5262 5189 5189 5189 5189 5386 5386 5386 5386 5319 5319 5319 5319 5252 5252 5252 5252 5119 5119 5119 5119 5027 5027 5027 5027 5174 5174 5174 5174 5053 5053 5053 5053 5062 5062 5062 5062 5405 5405 5405 5405 5268 5268 5268 5268 5072 5072 5072 5072 200000 200000 200000 200000 200000 200000 200000 200000 5017 5017 5017 5017 5262 5262 5262 5262 5189 5189 5189 5189 5386 5386 5386 5386 5319 5319 5319 5319 5252 5252 5252 5252 5119 5119 5119 5119 5027 5027 5027 5027 5174 5174 5174 5174 5053 5053 5053 5053 5062 5062 5062 5062 5405 5405 5405 5405 5268 5268 5268 5268 5072 5072 5072 5072
 0 0 0 0 0 0 0 0 5017 5017 5017 5017 5262 5262 5262 5262 5189 5189 5189 5189 5386 5386 5386 5386 5319 5319 5319 5319 5252 5252 5252 5252 5119 5119 5119 5119 5027 5027 5027 5027 5174 5174 5174 5174 5053 5053 5053 5053 5062 5062 5062 5062 5405 5405 5405 5405 5268 5268 5268 5268 5072 5072 5072 5072 0 0 0 0 0 0 0 0 5017 5017 5017 5017 5262 5262 5262 5262 5189 5189 5189 5189 5386 5386 5386 5386 5319 5319 5319 5319 5252 5252 5252 5252 5119 5119 5119 5119 5027 5027 5027 5027 5174 5174 5174 5174 5053 5053 5053 5053 5062 5062 5062 5062 5405 5405 5405 5405 5268 5268 5268 5268 5072 5072 5072 5072

 200000 200000 200000 200000 200000 200000 200000 200000 5017 5017 5017 5017 5262 5262 5262 5262 5189 5189 5189 5189 5386 5386 5386 5386 5319 5319 5319 5319 5252 5252 5252 5252 5119 5119 5119 5119 5027 5027 5027 5027 5174 5174 5174 5174 5053 5053 5053 5053 5262 5262 5262 5262 5105 5105 5105 5105 5012 5012 5012 5012 5289 5289 5289 5289 200000 200000 200000 200000 200000 200000 200000 200000 5017 5017 5017 5017 5262 5262 5262 5262 5189 5189 5189 5189 5386 5386 5386 5386 5319 5319 5319 5319 5252 5252 5252 5252 5119 5119 5119 5119 5027 5027 5027 5027 5174 5174 5174 5174 5053 5053 5053 5053 5262 5262 5262 5262 5105 5105 5105 5105 5012 5012 5012 5012 5289 5289 5289 5289
 0 0 0 0 0 0 0 0 5017 5017 5017 5017 5262 5262 5262 5262 5189 5189 5189 5189 5386 5386 5386 5386 5319 5319 5319 5319 5252 5252 5252 5252 5119 5119 5119 5119 5027 5027 5027 5027 5174 5174 5174 5174 5053 5053 5053 5053 5262 5262 5262 5262 5105 5105 5105 5105 5012 5012 5012 5012 5289 5289 5289 5289 0 0 0 0 0 0 0 0 5017 5017 5017 5017 5262 5262 5262 5262 5189 5189 5189 5189 5386 5386 5386 5386 5319 5319 5319 5319 5252 5252 5252 5252 5119 5119 5119 5119 5027 5027 5027 5027 5174 5174 5174 5174 5053 5053 5053 5053 5262 5262 5262 5262 5105 5105 5105 5105 5012 5012 5012 5012 5289 5289 5289 5289

 200000 200000 200000 200000 200000 200000 200000 200000 5017 5017 5017 5017 5262 5262 5262 5262 5189 5189 5189 5189 5386 5386 5386 5386 5319 5319 5319 5319 5252 5252 5252 5252 5119 5119 5119 5119 5027 5027 5027 5027 5174 5174 5174 5174 5053 5053 5053 5053 5196 5196 5196 5196 5033 5033 5033 5033 5116 5116 5116 5116 5054 5054 5054 5054 200000 200000 200000 200000 200000 200000 200000 200000 5017 5017 5017 5017 5262 5262 5262 5262 5189 5189 5189 5189 5386 5386 5386 5386 5319 5319 5319 5319 5252 5252 5252 5252 5119 5119 5119 5119 5027 5027 5027 5027 5174 5174 5174 5174 5053 5053 5053 5053 5196 5196 5196 5196 5033 5033 5033 5033 5116 5116 5116 5116 5054 5054 5054 5054
 0 0 0 0 0 0 0 0 5017 5017 5017 5017 5262 5262 5262 5262 5189 5189 5189 5189 5386 5386 5386 5386 5319 5319 5319 5319 5252 5252 5252 5252 5119 5119 5119 5119 5027 5027 5027 5027 5174 5174 5174 5174 5053 5053 5053 5053 5196 5196 5196 5196 5033 5033 5033 5033 5116 5116 5116 5116 5054 5054 5054 5054 0 0 0 0 0 0 0 0 5017 5017 5017 5017 5262 5262 5262 5262 5189 5189 5189 5189 5386 5386 5386 5386 5319 5319 5319 5319 5252 5252 5252 5252 5119 5119 5119 5119 5027 5027 5027 5027 5174 5174 5174 5174 5053 5053 5053 5053 5196 5196 5196 5196 5033 5033 5033 5033 5116 5116 5116 5116 5054 5054 5054 5054

 200000 200000 200000 200000 200000 200000 200000 200000 5017 5017 5017 5017 5262 5262 5262 5262 5189 5189 5189 5189 5386 5386 5386 5386 5319 5319 5319 5319 5252 5252 5252 5252 5119 5119 5119 5119 5027 5027 5027 5027 5174 5174 5174 5174 5053 5053 5053 5053 5072 5072 5072 5072 5055 5055 5055 5055 5113 5113 5113 5113 5055 5055 5055 5055 200000 200000 200000 200000 200000 200000 200000 200000 5017 5017 5017 5017 5262 5262 5262 5262 5189 5189 5189 5189 5386 5386 5386 5386 5319 5319 5319 5319 5252 5252 5252 5252 5119 5119 5119 5119 5027 5027 5027 5027 5174 5174 5174 5174 5053 5053 5053 5053 5072 5072 5072 5072 5055 5055 5055 5055 5113 5113 5113 5113 5055 5055 5055 5055
 0 0 0 0 0 0 0 0 5017 5017 5017 5017 5262 5262 5262 5262 5189 5189 5189 5189 5386 5386 5386 5386 5319 5319 5319 5319 5252 5252 5252 5252 5119 5119 5119 5119 5027 5027 5027 5027 5174 5174 5174 5174 5053 5053 5053 5053 5072 5072 5072 5072 5055 5055 5055 5055 5113 5113 5113 5113 5055 5055 5055 5055 0 0 0 0 0 0 0 0 5017 5017 5017 5017 5262 5262 5262 5262 5189 5189 5189 5189 5386 5386 5386 5386 5319 5319 5319 5319 5252 5252 5252 5252 5119 5119 5119 5119 5027 5027 5027 5027 5174 5174 5174 5174 5053 5053 5053 5053 5072 5072 5072 5072 5055 5055 5055 5055 5113 5113 5113 5113 5055 5055 5055 5055

 200000 200000 200000 200000 200000 200000 200000 200000 5017 5017 5017 5017 5262 5262 5262 5262 5189 5189 5189 5189 5386 5386 5386 5386 5319 5319 5319 5319 5252 5252 5252 5252 5119 5119 5119 5119 5027 5027 5027 5027 5174 5174 5174 5174 5053 5053 5053 5053 5234 5234 5234 5234 5016 5016 5016 5016 5311 5311 5311 5311 5387 5387 5387 5387 200000 200000 200000 200000 200000 200000 200000 200000 5017 5017 5017 5017 5262 5262 5262 5262 5189 5189 5189 5189 5386 5386 5386 5386 5319 5319 5319 5319 5252 5252 5252 5252 5119 5119 5119 5119 5027 5027 5027 5027 5174 5174 5174 5174 5053 5053 5053 5053 5234 5234 5234 5234 5016 5016 5016 5016 5311 5311 5311 5311 5387 5387 5387 5387
 0 0 0 0 0 0 0 0 5017 5017 5017 5017 5262 5262 5262 5262 5189 5189 5189 5189 5386 5386 5386 5386 5319 5319 5319 5319 5252 5252 5252 5252 5119 5119 5119 5119 5027 5027 5027 5027 5174 5174 5174 5174 5053 5053 5053 5053 5234 5234 5234 5234 5016 5016 5016 5016 5311 5311 5311 5311 5387 5387 5387 5387 0 0 0 0 0 0 0 0 5017 5017 5017 5017 5262 5262 5262 5262 5189 5189 5189 5189 5386 5386 5386 5386 5319 5319 5319 5319 5252 5252 5252 5252 5119 5119 5119 5119 5027 5027 5027 5027 5174 5174 5174 5174 5053 5053 5053 5053 5234 5234 5234 5234 5016 5016 5016 5016 5311 5311 5311 5311 5387 5387 5387 5387

